contract_address,start_block,,,,,,,,,,
0xe554217a89b99f10dba2e7cf5fccf7e935e8e728,398839968,,,,,,,,,,
0x1a03b19d777135c9f74f449fdc0339d510def6e4,393975565,,,,,,,,,,
0x5ece20135a458d7ddf438e64281619d655c7a7dc,402645680,,,,,,,,,,
0xe73cb88b6c06200457b0529350eb9837329948ee,411646196,,,,,,,,,,
0xddf335057d365f799c7217ef091dc5f90ed95fe2,421322820,,,,,,,,,,
0xf1cf96c343ee2d45a7a774f8cd7649772ef1b0ef,416826396,,,,,,,,,,
0xdbf3ae570a4daf8825fa8a550649a1805bacd6bf,353505435,,,,,,,,,,
0x8dc45da9ad424bc00b0c95973c5b35dd11b781ce,353161100,,,,,,,,,,
0x2daf5ae2e2201c8418ca7d68b5f8e8ac4b5daa38,409584882,,,,,,,,,,
0x76354ad06dcc68f25de448233fae692316f7cd7f,380628741,,,,,,,,,,
0xbb3d7f11dd7fd353ffc031e4fefe0552632d6d2f,423049491,,,,,,,,,,
0xe5410007139b1426708a82766108872e96d95ba2,426865327,,,,,,,,,,
0x6352c494967819d6058ced1ffe58e2cf2d42f422,427896651,,,,,,,,,,
0x2337087975f54e63e442285cb61f3d504a1c6a34,420647968,,,,,,,,,,
0xe6a90ede4fe962dbb5a1d96802f58bc928a36332,391560101,,,,,,,,,,
0xd2ca741550addc381a21076919b53cfed244580d,353162571,,,,,,,,,,
0xeba0dccf139eed6cfdb8484f79a95a8d399434c8,420976229,,,,,,,,,,
0xecda4b96390e80dd5b86fb735cc861c8f9f71fa5,410944646,,,,,,,,,,
0x2d021c37064d446d94c7b38fd77fc4cc733eef9a,423747401,,,,,,,,,,
0xf57e5b3b62b1f272c1c537ba9ef6f795850274c7,409912690,,,,,,,,,,
0x97b3bcd97640453d324a8a1bc81443e77a0208f0,391562160,,,,,,,,,,
0x992a8b3fb614e9158868ecb3049d7c4a3802d0f0,418900363,,,,,,,,,,
0x9f541feb0fa0dec153340265914a2cc1cc788dcb,415806718,,,,,,,,,,
0xdd5a6e604a3386a573ac3e2a9f497f56a91e9080,424085717,,,,,,,,,,
0x0adafa4f534cb13d64ccb42a9d0dd81f2512548a,411293873,,,,,,,,,,
0x1c04e4e2cc0eb1d829b70c3d52f64ee6a006b4ae,385130316,,,,,,,,,,
0x7639de4f3d46a577963865956e901c81b4a5a3f3,353161820,,,,,,,,,,
0x585211d9750f8fc31f318adbf7127d3c736054da,396416406,,,,,,,,,,
0xe925aae3a604b59d9e8373e5d34e2cf4d86742a3,411296991,,,,,,,,,,
0x66a08727ad147da0f352044ba1b0834eab99626e,412331229,,,,,,,,,,
0xcdfa197b257d670fdb0f07a70d0cc8427e414fa3,353162602,,,,,,,,,,
0xea6460c3fe82b79df6e42fc229f7a400d1af1ce9,392592518,,,,,,,,,,
0xd3a7de362964f1bab91569ef239fd7364d6d09c5,418214076,,,,,,,,,,
0xa4ddaf25aad64cbade047c0fbbb9edf9f7390217,418216782,,,,,,,,,,
0xc541321b5ce23ed4ac1d08e8978b93c31235a6b3,419602251,,,,,,,,,,
0x54ebd3341dd285117cd712ae4f488504780db08b,419261567,,,,,,,,,,
0xb5f95910d155bd22af6ed1a278e9379173f7c061,413373083,,,,,,,,,,
0x355a60ed6cb391e8a7a06f0c4d684c1ebffb1c3b,415807422,,,,,,,,,,
0x8e3368e4aa5a3e2268df05a39ade12de3d513103,416133287,,,,,,,,,,
0xc448599fa24db8439488b64bb1c45bd4dac0d690,416135713,,,,,,,,,,
0x9b151529dd8764ee0ad01b109681b9accc6ffe3e,415809605,,,,,,,,,,
0x408ec7e60591f6c075186034336566e306a96cd4,420634973,,,,,,,,,,
0x4451d3a5baddfc98c07d534b3874e4dd28637e06,418907074,,,,,,,,,,
0x631ea4a010dc7d3a15e4efe3db6ac9d86b0e11be,409909263,,,,,,,,,,
0x2a1b7085557a92bb0778400f122e91bb078e3819,401257111,,,,,,,,,,
0x1078326249b4bcdbb9fc858b9d1ee92748bdb1eb,416825457,,,,,,,,,,
0x1016ff480b0d3f8662b942ab1576b55613d46135,415802829,,,,,,,,,,
0x25882c49cc93b52d2a48c98d11c1a5f99069fc30,423741287,,,,,,,,,,
0x20eae9370d17e1e4ed8f6456adb485277c4a5b86,404020548,,,,,,,,,,
0xcae466e26853964a646cc089dac2f1c1b5d1dc65,423752671,,,,,,,,,,
0x54785f480e60951e150ffeba25cd27559db5bd3b,424445917,,,,,,,,,,
0x56f83944c5f6452aea1e1ced8a518abeeef4befc,420632045,,,,,,,,,,
0x69a995dc3485e8880969a85012390ae262ac0532,393976770,,,,,,,,,,
0x75d4d290db5131126e2a36f86812e852d5ac979f,419597448,,,,,,,,,,
0x13cd29d51a3f833b4c529ab9f5954181d2f8c81c,421675666,,,,,,,,,,
0x5969360071237bcb89fbdcdc6d91d1e25c98a41e,421333064,,,,,,,,,,
0x1e559de6599ed5d79ebe69b8b48e46e33e9f58d3,412331561,,,,,,,,,,
0x3a72f342a7a74479f5bfe140a17a8266402f9542,423746549,,,,,,,,,,
0x56a51a65be4feb98057586340326870c61c8b1c4,353508907,,,,,,,,,,
0x3efa1164221ce0476319d4cfeb875af2114c3977,379440078,,,,,,,,,,
0xf1c5b6d3622e8fd1aed2d1ec4d1a46cf7edd65a8,372586724,,,,,,,,,,
0xfb05db6efebed7d61b6ac703e5885518bfd6cc99,409579434,,,,,,,,,,
0xfe5b001db5125167f3f4ac7ebab946ce53686537,382353870,,,,,,,,,,
0x4156330e75ab088e865c07b6c084bc9070693c59,412332276,,,,,,,,,,
0xca133bd5a06faed4e1bba76a6a9b1740e850a8ad,415806175,,,,,,,,,,
0xa6d5dd013102f00a324b545f273b9e0f465b388b,379589383,,,,,,,,,,
0x3c080c735341b2bc8d084c30b32a00a8d3e17fef,382356763,,,,,,,,,,
0x12f072a33f33e68b34612d683eb57c0741702098,423395337,,,,,,,,,,
0xea96237d9270cd47dfe12d12f990e41d218487b7,419607391,,,,,,,,,,
0xf0fd0bec27a96e3df9f6669bec60ef2e843670c1,415830104,,,,,,,,,,
0x2d549a8a3e98f4040611c0a620b28eec823cb572,379936127,,,,,,,,,,
0x11d5f3d3ce6bd71d921c3eca973db06c2da06818,385127896,,,,,,,,,,
0xcadefa3a64c79c989c92accbdb09a4bdd27d96db,418566937,,,,,,,,,,
0x68349e03e5c0c51af0379b5bd0f62cdfd042c334,418559695,,,,,,,,,,
0x41400ead5c4fc5d7e2ccb39241d075aac96dae28,418909068,,,,,,,,,,
0x2e9b2282984a94e13493548e53d3c35238de7188,423739332,,,,,,,,,,
0xc311a25b6b6331405052e4e2e6542cb7d7bd71b5,355351639,,,,,,,,,,
0xac266a150dbcbdb6ff93dac512607c6f3c4cddb1,353507826,,,,,,,,,,
0x15b617ddb511049fc058175e922e589195ea7b5a,395012837,,,,,,,,,,
0x9d38a7b432ee67c3ed0cba17950d0197e441fbff,379586304,,,,,,,,,,
0x3b242fc1d94e9ecfbd23d529901e3d37ef4f8e58,415802514,,,,,,,,,,
0xb3e29191046bce2ec1a28ce5c39e4a9998342570,353505343,,,,,,,,,,
0x94002eb72de2eeebe475cc706d627770fca2dffa,379934268,,,,,,,,,,
0x250692b46d2d68eb2f05d8ca640a04eb56762c61,415841887,,,,,,,,,,
0x5b61909f732fa5bf68daa7f9fefbd35911526708,409909500,,,,,,,,,,
0x6d50d2e4de209ce0cfb29a7f9854403def63833b,415810316,,,,,,,,,,
0x91a69454417d5e7fa132c75fcea5312defb9cf7c,353160927,,,,,,,,,,
0x593ad8dba77d2ad80a72c18d7e32dd4fd5a98cbc,381910204,,,,,,,,,,
0x1c5ab82767af806d3e86c59614cce8f94cf5ecfd,401946268,,,,,,,,,,
0xd37b04e04dc036156d0864bd7a0d9ef770bc90b4,424091347,,,,,,,,,,
0x7db7bac033391ea07332943718b447f47c81d9e9,413375771,,,,,,,,,,
0xbd4b997d816f91ed41b186d389d4c88094e67918,403674068,,,,,,,,,,
0x51724493baf35a30f89f7aa8b4cb9b66208b8cff,415811950,,,,,,,,,,
0x0ba21fcfa8bde8ad1c26658a17487e25ebf87f47,391560027,,,,,,,,,,
0x285746873d918509395dcf8705ccd1ac483dd87c,409909919,,,,,,,,,,
0x32a28badc16a511bc4d9c4cb07d16e20f223f8e2,407185481,,,,,,,,,,
0xe626925201b52f7725d7abf142834d090b0638b0,403787481,,,,,,,,,,
0xef3ae26ebc1e5527d8638e0796ca10b152143a45,420649652,,,,,,,,,,
0x02686267f85c0262f05411abc861fbb2b624053c,379440586,,,,,,,,,,
0x3ea29fcd49db5a3fd92fe390c614beaef69b395a,353852537,,,,,,,,,,
0x1266f2c7b17dad57bc903826c0bd1c19e75d82b9,409578626,,,,,,,,,,
0x2ae339a9447dcc4b4edf8bcfcb66b5e72b31c27f,353507646,,,,,,,,,,
0xd0e4056af165f5a9557db1c5bea9cb637666ef91,381906936,,,,,,,,,,
0x5e7fa16f524a231816e3d813b3e0786f44e61616,416135416,,,,,,,,,,
0xfa9527fcfec04f939c6c67b635c443996e354be8,402351692,,,,,,,,,,
0x707368f9d236abc8437bbf32fddacc9ae9b2a7a2,401947551,,,,,,,,,,
0xc15888d3e9fae18536ff404c0b8d88b9ba96a859,421333803,,,,,,,,,,
0xc1e6198a244fecc1f74d76b7cc2de8e15ed721d4,419264429,,,,,,,,,,
0x977b7cef411c08eeb09b72e36a21ab4e43053553,415847167,,,,,,,,,,
0xbe4da14a0ae1e07ac0f6d0b09af59e5123389d54,420635540,,,,,,,,,,
0x0d9bcb590a3f0f4bcfadd291c10a2a50b608558e,353161461,,,,,,,,,,
0x68e3d7eea5f0ce7bb750167d82c7bb9a20bb6b72,353162638,,,,,,,,,,
0xb46a361295d18dbd7c20a8546c325426111c4b6a,356955919,,,,,,,,,,
0x892baa8bda21677939a9d28c7e69c8d17fa34edd,353506862,,,,,,,,,,
0x4e60709e01405ce451649ee36a365eb058fdc679,379590074,,,,,,,,,,
0x53a20d569b121a82ce723fc5a500e621b09754d6,356262236,,,,,,,,,,
0x3eed6a37c784925325bc7f2e54fee1626ca1b6d8,411645896,,,,,,,,,,
0xa784d0284562f30295750143854d43b4df36495d,418210761,,,,,,,,,,
0xc44dbb3a52c42a81e2a79d69d90029344b2a3833,399875066,,,,,,,,,,
0xe89b981c2b5619cd5e4ba4a9c45ba5b1631ecaac,418208200,,,,,,,,,,
0xe4cf68d6d87297f07ac0b70e65f4737198c35945,416137839,,,,,,,,,,
0xc7936d047858fca92e10040aa9235060eb4e7a26,409578396,,,,,,,,,,
0xb850a60085ac74127eee3e25e6e4d2c1ce283b8e,418910515,,,,,,,,,,
0x61c6dacb3da6753c2622e4499f6400286076b920,363187296,,,,,,,,,,
0x26faf8254a01170f2fd2b0008df321cc3533edef,398844321,,,,,,,,,,
0x0304b41ebbb4e73d99a5b292e8e97e6189412555,400220996,,,,,,,,,,
0x339eab7451b0a5175925dbb1455fed645bc4ef81,401254490,,,,,,,,,,
0x432c32a73d395c50cca6923811fcbd8caf5dbd0a,416141090,,,,,,,,,,
0x34f1b927884a0e578dbc72b5f66c59cb3307cc5a,379439916,,,,,,,,,,
0x9f01ed59e7760b9dd291e0403084a8efb194ddce,354197175,,,,,,,,,,
0xabf1cc28252b7486078a918773078c7ece385ec1,413375000,,,,,,,,,,
0x49ac8c512d5bd7d80e2add99a6958bce0d6e23af,415812124,,,,,,,,,,
0xf7717e905d82df3c1fd0fb1aaac536445a944741,415811293,,,,,,,,,,
0x73576a11ca9afeebba80aaaebecf72d7c31cc42b,410946804,,,,,,,,,,
0xbf3298268ea44eb603c875e0676418da0e620564,404024519,,,,,,,,,,
0x7d3ab69a8c3cc0e2e3238986c0ff9188486a592e,421678568,,,,,,,,,,
0xb48f50a6ae7776bc1cb00d589c9dd10cb0d2a468,419248614,,,,,,,,,,
0x4b8f9189f6f0169689d8906acda3f8c9b64d3481,403787401,,,,,,,,,,
0x72a83f2605ce3cd203ff4222a31a3d176793cccd,413372981,,,,,,,,,,
0xaf628c0ea56e4d2063db77fad54b467be09954f7,409584910,,,,,,,,,,
0x6aa4110c61d42a1dec2cd68e6fc301ae2861cd4a,397806428,,,,,,,,,,
0x3293f645727a0bac05e5141048fd87afa66ff05a,425471817,,,,,,,,,,
0x22e14bed6104b5b68024ab79d8a48502df4f7105,406099451,,,,,,,,,,
0xe458e9e4d9133a30e1397804a34a2b3075e47d12,423047210,,,,,,,,,,
0x17cbb6a03f59bd0c54f8cae0a3167bf05ee3a873,423060576,,,,,,,,,,
0x5923f9c55b54461df838572b61fcafe42c94cba4,382355677,,,,,,,,,,
0x13978c266e137d86137d01928b56212314d4a777,381907485,,,,,,,,,,
0x89961cd9bad5a9eab4f3d148252bd6fca19ca8e8,386858005,,,,,,,,,,
0xd4e4795f25eb8b14f40e1b1198c6655320fb41aa,415853245,,,,,,,,,,
0x94a83e3bf8c388cb22283e6fe23ef9a02338c4fd,393976447,,,,,,,,,,
0x004c8b8c6f319ed8d13440387e8ff072a3ab9125,391900777,,,,,,,,,,
0x031ac855dcba3a383729b0991a0e9d6e6e8f1b29,397806371,,,,,,,,,,
0xdeaa82e1ffdf701c380d39b8ad6d6d44a37bc37d,353507354,,,,,,,,,,
0x2d82d1e7f963d4e4a979d30016f1617704f64bd4,379440779,,,,,,,,,,
0x7623435a36a573757040a362a1299ea93d3aa43f,353161028,,,,,,,,,,
0x41c0a75147b4f204cec6853468e5c82a69fc8308,395014155,,,,,,,,,,
0x2e94fd23ddda5dfefcbf91ffba80162404dd7382,415822951,,,,,,,,,,
0xdd973354f17980d06d3f4de223c71ca5bc9b5b4c,426169984,,,,,,,,,,
0x41732d64f15081433984c2d45f6ac1c21b301642,415807766,,,,,,,,,,
0x3070987dc170ff55befbb90007d780412f8cdd17,418558006,,,,,,,,,,
0x27945a0fca7f754ee1ad981425637f2d80f13edc,418220974,,,,,,,,,,
0x779bc008ac44f56f28becd60507b78f045b8b91a,407482450,,,,,,,,,,
0xbfdbd28def7604d1eb394d48c396c9ee984b97a7,413365899,,,,,,,,,,
0xaf8c23b2ff834d84fbc5bf0a9bb1fdcaa18f268a,413712373,,,,,,,,,,
0xfb9de723d5bcaf621c226b017c868533858fef9a,391558799,,,,,,,,,,
0x8b2fa6cad97609136d3e96b5745770e969aca13c,401945915,,,,,,,,,,
0x9c15b69731774acba30887f0e9b6b5f01a856c20,373236952,,,,,,,,,,
0x72f552701d28672967514f08bd74139d9eeab239,424088733,,,,,,,,,,
0x8f2e64a00237665d9037035d6cd3197556db21c7,415802088,,,,,,,,,,
0xeaaebf02b6fec703e2d7729d518bfe1a8f8c0289,397806774,,,,,,,,,,
0x476332389839b3ebe7d79585f27a0e7daf794852,379586667,,,,,,,,,,
0x33347ec37878f5c808d00e724d6fcce92ab55d91,355573245,,,,,,,,,,
0xfe2da292d2af680df47ef9020de9650b76d240f0,416135959,,,,,,,,,,
0x97933514f598ad315e2f3bba2c25b8b470d0fe5a,424439410,,,,,,,,,,
0x27e8983e3aafb642e30f2613932de9e5f8dc50c5,391560896,,,,,,,,,,
0x167070fcb65ea5240a31aaf7efd6231e9e3ae8bd,410947580,,,,,,,,,,
0x29241281c077476151917174a8d718308a4f5989,353162415,,,,,,,,,,
0x4a17a03122b6db6192f092635e7848b8d5acd5d2,413712440,,,,,,,,,,
0x42f1f7abe03c5117f4336f888006603e19990826,409909838,,,,,,,,,,
0x39ff3f039b6941b1b827f7ad98c409c3972f5548,415856780,,,,,,,,,,
0x0580de09ef8db19b8f67359069d017123d1f9642,419604060,,,,,,,,,,
0x992def31353ed61acd725a80b8607633c2e902e0,415825335,,,,,,,,,,
0x60d9274abcb140be2e79179e1fef3f713c2e1cd4,415809552,,,,,,,,,,
0x9b107e388a1e4bfb009c460134c873414f3763ab,391562185,,,,,,,,,,
0xa7aebdd41aace0517ec60e82d469d21c71945213,415846249,,,,,,,,,,
0x8ad1f0688224c64820c3ca8e3ddfba82ab9bb81d,397806693,,,,,,,,,,
0x6c720981f116196a48f3d6d3fc187eaed5325744,425814560,,,,,,,,,,
0x093c32f2346362dd94b8099397d17a2c6d1f0be3,380282463,,,,,,,,,,
0x8681aeb52bcdea2c71bd056a53d16c40f029e0ba,418211856,,,,,,,,,,
0x672dfc33861618f4ec0debd1b143dfb7d2e34494,415829133,,,,,,,,,,
0x08b64a18671b6ac922a4489d6ad44c9f416e8960,425821311,,,,,,,,,,
0x4e1fb6e39d22ba1a5d32c7e14b24c58d4de65f06,353506898,,,,,,,,,,
0xd1ed43855ea392e511758a03094850ff9cf753ea,415802638,,,,,,,,,,
0x3973572a1b914908e8341208d6b8f501ce86eb37,382353766,,,,,,,,,,
0x94bf50cc409b52d8c01e98f2d8f933617af76479,353854160,,,,,,,,,,
0x06d9083b2a044e8cf640000e68b2be3ed32064cf,409578756,,,,,,,,,,
0x64ae092f1f088d2721265d39aa06c3e9f137ff91,411296481,,,,,,,,,,
0xfd4c527bdea0ca0ca8e795614a654c9ec17bb682,415825069,,,,,,,,,,
0x103641f7a4f5f4c77cd0a87a3449894afb3de1be,355230664,,,,,,,,,,
0xbafc0a6a3a064d52b34d37e786d2896c8e62e515,392246568,,,,,,,,,,
0xb5ed31107f2c0577479df88b1dd92076b06306ab,415823928,,,,,,,,,,
0x051ecebd47eea5726e11de1804e20355d7dc8b1b,425478620,,,,,,,,,,
0xda36c18be650b8776523e71cdb88041db480046b,399181523,,,,,,,,,,
0x19d817e446bc49ab014799096fd02852cf711b32,379440702,,,,,,,,,,
0x0074f2e9208f5938aeaacd4726b018dbf80f190b,379936615,,,,,,,,,,
0x581d73372846032fb64c2e7e351cc6babab1183a,410946776,,,,,,,,,,
0x9cdb61d5edd0bf218afc6d88b710ab46050216bd,416141756,,,,,,,,,,
0x0a7674b503507f51d134d833d3fc47ff2ad9729b,424090835,,,,,,,,,,
0x15a8a62c6545e05bf6940c21a8581bb9bcdbcbe6,379936636,,,,,,,,,,
0x0d5a12b1f089a942bf2a82acdfa706c79931cdb2,399180245,,,,,,,,,,
0xc2df68d801c8b90a27e5e599d6bb3a7e9feb891f,353162249,,,,,,,,,,
0xe01c292b49a3127bb99e328ab474d4f0cebd98da,415822261,,,,,,,,,,
0xff850ae4d335b0e9538958310df36b29d3164d56,418573746,,,,,,,,,,
0xe55e54ca709681b5cf62c2080298a68b87f275a2,416133309,,,,,,,,,,
0xe73e3074227f4bd8de2fc97afcd583783f219a60,353507719,,,,,,,,,,
0xd09a551e954f73a34db12fc18c150c71603b78a9,410949017,,,,,,,,,,
0xfa6c5e90a86e5ee4141c7783854800c7e59394cf,380626112,,,,,,,,,,
0x347b6604ea2d57fe761fa3dd4bb36281c8ea5ee0,419254493,,,,,,,,,,
0x0009bac66602a2a161eb3d1356e53b39dd8973d3,415851548,,,,,,,,,,
0xb6ae3a29a43b32f26738e35771d9f6ef96b35598,415827070,,,,,,,,,,
0x3fe0e9ca6205facb2e386e2bb3c22f415aa7b15d,415803127,,,,,,,,,,
0x6d2c9ed4d396c841799140dc06ec07f730d64d91,354197989,,,,,,,,,,
0x16e4815a983c520278b6a5ad786b24a79da0c399,413379054,,,,,,,,,,
0xda4548808f509eb7c3df0138c84f7337952df9b1,387897009,,,,,,,,,,
0x67dfa1c0265603ee0ffdee16379ebe0301f2551c,356610393,,,,,,,,,,
0xdd14e6aba9f202ddb961cf52242f589df26e7422,419252408,,,,,,,,,,
0xef15b570972f49bc583f2aebe3a538f59bb0c062,420641979,,,,,,,,,,
0xa7b072ce74a6fef5c50f1c97bfb54b378566db93,392590294,,,,,,,,,,
0x42b8b82317fe067a386d376d8e84c4988875abcf,408526237,,,,,,,,,,
0x55f732a31517864b707a958c7ef6024e334f5733,353507972,,,,,,,,,,
0x7e5840e481d7fd07c5d527f4375d89e4e7774ae8,409581923,,,,,,,,,,
0x23f8b2dd88df3307f7495fcd29605f7ec6e97ca6,410944910,,,,,,,,,,
0x8faa2c67935f9eae795e50ba4dbeabce1792b847,415801891,,,,,,,,,,
0x47a4b3cf9e540653596df042259b5f819c60f76c,422018857,,,,,,,,,,
0xd40c7ac30a4ee925982016ca698d1441aa3a4db6,415801917,,,,,,,,,,
0x46ffb599af5320d0b54d5e1d3b2daf9b065207be,426158997,,,,,,,,,,
0x7b21cc7ba273992db7396f43b59fa8105fcde939,353161063,,,,,,,,,,
0x98602aed96587ea199fac7da5ca95527f180abb6,353162113,,,,,,,,,,
0xb0b9b8bd5f84019084e6802fa778d3a601f47db1,353162875,,,,,,,,,,
0xb7fdd1495b89b76db997ff6fb4a64c61e391d71b,418567738,,,,,,,,,,
0x8aa6fe37f4f1271573fecf945cf6214c628c8774,426170809,,,,,,,,,,
0x7c1647f16222d082065f05e51235033ab20da15f,419600357,,,,,,,,,,
0x29c1e7984973ea56b346c4bd2c24d9cc49536110,353160398,,,,,,,,,,
0x89f4bb6278b02ce883a5f14ce0584f5a15139164,394320522,,,,,,,,,,
0x5349d17bb6bdabe9ffc791540c0dc2b6d6840651,358340089,,,,,,,,,,
0xd89c55f374db0076dbb9b205c528bc85def40108,353505996,,,,,,,,,,
0x07a106ee5122baa5dae512015aab528705a16cf7,418571334,,,,,,,,,,
0x00692ae893585e77a2f84684ae62f5ddea06ace6,411985277,,,,,,,,,,
0x1e3b94a9edf78c068b4fac0a0033bb9030452260,353508408,,,,,,,,,,
0xe8ddd2838f9e701086a2d5e31e303beca8453f52,418221472,,,,,,,,,,
0x9c5419c74bd33ca41e59ef8aa4d210d615483b53,411638862,,,,,,,,,,
0x2ca79c822d654d7224c5be106cb20e9a53aec27a,418568418,,,,,,,,,,
0x92fecd15f9f61fb696c5ef09ce91a140fcaded24,412338202,,,,,,,,,,
0x3468a1234316e4952c37847320e1dee2a4e53ad9,411644823,,,,,,,,,,
0xfaa800fe82196ccfdd05760fc0645fec4bde055e,411291351,,,,,,,,,,
0x60dc3b4ae38e4307640155ca212c52621cf17a51,415855604,,,,,,,,,,
0xefbc861c3cf8fcd14a590dfedfb9919e3f7d4765,418565596,,,,,,,,,,
0xfcabbb168916665ef7046a89a7d9c8a450a11658,420636168,,,,,,,,,,
0xd32297e5243f734fbedca2f98d09b1a9a46e7bb4,421679089,,,,,,,,,,
0x8eca55d6bb7f0b31de9a1536ca20d94cb952131d,394325453,,,,,,,,,,
0x4e435fe6e42bd535e4ff9b17be46b948784300c3,415845284,,,,,,,,,,
0x3c95093f589ae0334a0f9cdd826a0a3ab8796872,409909126,,,,,,,,,,
0x286766e26d6f035f6c21dc63a4f3def17d47b113,401946953,,,,,,,,,,
0xcc7406f26bae460e83aff911fd8f62aaa34ace28,424432133,,,,,,,,,,
0x42ba7f3291cd1375fe3f0d371e34c7fff2cf7d23,415805066,,,,,,,,,,
0xd13c7aeb7b13105a59c8dac6e07d3f0b60b0fbb0,353162313,,,,,,,,,,
0x9053b78a58f0c27a61b2315799dcba632f546076,409578311,,,,,,,,,,
0x3e0834d9b70f0ec970474287fe1a2cb3069052ae,411291524,,,,,,,,,,
0x5acce7178205867bcd49b4dd8a70a84f37e2663e,353506171,,,,,,,,,,
0x97c167543d74dcb1ccbf679bd6e6657da2bd630e,426167198,,,,,,,,,,
0xc06558a7e9fd6823f37ff348c4dca8e08e652dc4,351609596,,,,,,,,,,
0x3fc9c2926700466dad34bdff83c400be82b1e2c5,409578526,,,,,,,,,,
0xfb9e8ff49653420c4eb0067c6083f8c149708871,379588779,,,,,,,,,,
0x4f958108f6497c2ea720c5955c80e176d9d69c5a,418908774,,,,,,,,,,
0x9fd18026fbb4e36df5d264739a492f4d9a6f67e9,403680144,,,,,,,,,,
0x287a21569ebf6a34da6169eccbfbbd31801f56b8,418562138,,,,,,,,,,
0xd362ff7b971d614ae65a1635bee6a379a3c6e22c,418209763,,,,,,,,,,
0xbb32e378209063ddbeab46e6f7fa9a6ae7636d57,418920313,,,,,,,,,,
0x5f92c171f5075fa2a02d56607d2dffb0451026a8,353160497,,,,,,,,,,
0xd21c4eadc19c27176b5dd7f776914ba9406275b4,353161263,,,,,,,,,,
0xa0c1dcb75851b43f87acdb30e77dea3eae8545d0,379932731,,,,,,,,,,
0x2390c419fa145b21ae9d0cb6d4eb137912d12e61,415836481,,,,,,,,,,
0xb8e0da3d7f58ac1215774b0a95bd4524e819b15f,420992259,,,,,,,,,,
0xe7b062fd63b2c9278b66281985e61f7cc654e8d5,415804048,,,,,,,,,,
0x2bcfe5d8c7d859563960d5826847b8d4226222cb,421672782,,,,,,,,,,
0xa77aec7346a151d4ee6b44c51f28e4669debc70c,394321674,,,,,,,,,,
0x88f394f0c0bdd457bbd4349415dde48518035e15,382011751,,,,,,,,,,
0xaa256a51e92c7e05eebed3faf55d4d59129b158f,415802874,,,,,,,,,,
0x71d28a31b1068c73478f1a810a7275d0b2baee08,389156747,,,,,,,,,,
0x18ced735883d1e1c4f2b09f5d716889945028807,426519237,,,,,,,,,,
0xc4bce33610c11ee97f4c479ed6cbe2677a11d4a1,411639312,,,,,,,,,,
0x19feaf7b5b0923564197d9a4b8dccc3924f7b7af,415802182,,,,,,,,,,
0xcf1f7d7537d979ef780df1bb882a6ec4d1852f4b,387552379,,,,,,,,,,
0x61f9f0411e5df6bc4b5dbd02c2c46f425455d6ff,385469277,,,,,,,,,,
0xdea2b110d62adeb33550eabeba3c5ef84658caa4,421322116,,,,,,,,,,
0x91be43bb11cf185907adcdff7ab3fafd2671e273,397806398,,,,,,,,,,
0x538f0f2cc9de912641d24d50b3673f26fa4a2fb4,424094730,,,,,,,,,,
0x52e6f80749b2177351015da7f84cfd9f6ab021fc,423752638,,,,,,,,,,
0xe4c522b59079d691f964fad5efdddc479a00b1dd,415802546,,,,,,,,,,
0x93855c555f951c8c417b736199bd195a73c57bd7,355572640,,,,,,,,,,
0xfe987260dd21b15ec8db35961d73624095be122c,379933411,,,,,,,,,,
0x7bb15a51d764df4f8d21d2a1c17ebf4b3623d459,409578498,,,,,,,,,,
0x97a4f1912f54f92df24be30867dc376e594782b7,418207794,,,,,,,,,,
0x3da74293c496524d5614416a5530d5d99dce16bc,353161627,,,,,,,,,,
0x9c739d6596f9ca9eda3d9c5d19385a3e865d1c46,353506535,,,,,,,,,,
0xa135e0e5caaecc2d61162b776fcde89a417ab709,355920643,,,,,,,,,,
0x1cd3a53e75443a1dbc3462d649af485ca9456094,379440272,,,,,,,,,,
0x69fc6481d142a4525e5690c1dfdafbd926eb6ad2,416479606,,,,,,,,,,
0xf2f7c68906441d51a4c55738ab1d959bd0fe16e0,410954320,,,,,,,,,,
0x690f8ed03e519e7ffaac059a61c1a1b64f8d504f,408520961,,,,,,,,,,
0x09bf7be26b476e26f2b536c0565fc6fbe4e5872c,420628397,,,,,,,,,,
0xca80e657af5c3fc05b97ac9fbda4f1b5664e98bb,416139306,,,,,,,,,,
0x8688aaa6aa458bd7afd824b41d26855347e36b54,415804796,,,,,,,,,,
0xac8342e358b906df9ee048baafe46a82892597ad,419264928,,,,,,,,,,
0x201929f36b3aa507001ef7a390e23284966b7202,353850979,,,,,,,,,,
0x2c26783f426c9883466c59665b83b9cc7de12b22,355232566,,,,,,,,,,
0x3352afc0924f70fbb55254a5dd0833f1cb87fae8,382359128,,,,,,,,,,
0x972ad3bc8cb954f843fb6188d1597ba12d8da39b,379589555,,,,,,,,,,
0x5a5a00edd9069bf03be9f2ee6b4365a15254987e,416142889,,,,,,,,,,
0x1ac8846d211a0f64d39a5727414ed8850c47d4c3,406445679,,,,,,,,,,
0xa2ac45ca3141205f23f0c79cb3c326c7360bbcce,415824413,,,,,,,,,,
0xe7582aa0657a2ddcdeadad74fbf19cdfb0900779,354197461,,,,,,,,,,
0xd20971596f8594f0a29a71508eb186d4b9a71940,356610213,,,,,,,,,,
0x207740f2c3a2c7b3cba591c11b5b0b2f60326622,424443568,,,,,,,,,,
0xfd87cade020e93eb0eb8ec1f3491e7e308d815f5,411294053,,,,,,,,,,
0xfdf3609cd16792ef886eef4bb19b2648ae696aee,421670275,,,,,,,,,,
0x0e217f3304183a93f21de1b516af52c06a3abe1a,353161429,,,,,,,,,,
0x7fc3dd412980f28f1d3e2718d0fc6821808c2137,393975830,,,,,,,,,,
0xa3740cddd60ebbcdb9a1dfaa9f0a007873d00cc0,410951659,,,,,,,,,,
0xd3bdb48dbb1bdecfc358a4d060451c590cae199d,415845728,,,,,,,,,,
0x25cc5690c854f8e28f90bedfe82d673816b5b15c,411644883,,,,,,,,,,
0xa91a4c1258be0a9edce7ed7c09019aea62a27f9c,356609422,,,,,,,,,,
0xcc44a4685f4bea0317d828ba68c7927279c5d8a3,387204252,,,,,,,,,,
0x56d901e4e77411df3e0ac883c2397465d0eb2b0c,399186852,,,,,,,,,,
0x32de3ec6ef5cbd0e6e8088e84ef6d8f138a1f1dd,392250795,,,,,,,,,,
0x36084fb4b35c27c1042ce346a33f25d68cfc9b98,415830469,,,,,,,,,,
0x48b1561fc86a6d905331d239daa33104bcffe450,421681776,,,,,,,,,,
0xd52eec1aee65391bdc1a745db1a3c34caeda07d9,415811458,,,,,,,,,,
0xdf62c0c4b87834c30980f597b77131e18742ac98,415814385,,,,,,,,,,
0xfa13f1fe3da9013b816dc5970552959b23ef0421,421330067,,,,,,,,,,
0x905e0bd10fafd0e479ae6b074237fa6e8723e1a5,426512918,,,,,,,,,,
0xe7ab19b56299f8937785762b18ff189368d71de8,426513428,,,,,,,,,,
0x18bf2466feb8a25db67368af2773d59e2cab2601,420635466,,,,,,,,,,
0xe199de189bde8840b017d0bd6671ef20f64b1fee,416134811,,,,,,,,,,
0x914b73738a4a3675c0037db5087e77e058de4af6,423752732,,,,,,,,,,
0xa012e3ca0bf1d1c80c1e56ed0e3837bb55410d64,394671442,,,,,,,,,,
0xc5379daf1f833fa42bed9607a6a5d88168fb3849,379440002,,,,,,,,,,
0xcd77fe8df06e8c78f041a0d9171256cf4ccc8fd4,421332630,,,,,,,,,,
0xbde7bf41c3e467a1a84c1eacedff4b078a1f46d3,353853996,,,,,,,,,,
0x3f79b619961bb2f049936477b8e602d71da8dd8b,415824658,,,,,,,,,,
0x9db905db6201d14df2f8004aa8480a4b0fe1a4ad,379933606,,,,,,,,,,
0xa8df8964feb50b63e96f79c000cc604be662d1ef,386859285,,,,,,,,,,
0x028c5ae73193164864cf69cb38a56914978f43e6,424085029,,,,,,,,,,
0x2254732c2d175737665f8d568fe2570cf2d2e5dd,401257043,,,,,,,,,,
0xaedcbfc8bed09979471be0f515edf26127861429,397806605,,,,,,,,,,
0xf62fe4329d32f4838a3ab42a6afc4d136171e0ad,400262118,,,,,,,,,,
0x4a65436b28fadf08bd9ddb2c3891391324acfce1,353852924,,,,,,,,,,
0x30869cbaa5f75269b563c97d8c7afb489ce99178,420652780,,,,,,,,,,
0xf9c73d9e631dbeb67124c24593328b80323683fa,418566962,,,,,,,,,,
0xf4ec486e82c877156d98af636db7a8708aba49fb,409578554,,,,,,,,,,
0x1227295d3f598bc31a7c831afb59ffc359a883b5,380971569,,,,,,,,,,
0xd84afc889b4de724600a96c846b63568157acf79,379440676,,,,,,,,,,
0x40e65e15af52b3e25f242420d6ca1641f4d06459,415829193,,,,,,,,,,
0x4c040962363e94bf484a0b27262132670b4a2d01,424086245,,,,,,,,,,
0x9c636848a37527c02b794af072c553a3e3f65226,415813913,,,,,,,,,,
0x4ea70b2480f1a343b7bb083a9bbe62231870a11b,421327967,,,,,,,,,,
0x6f0f2460d98ea97e72251475c6c09377905f0a43,421679812,,,,,,,,,,
0x1c1013bce16955ce71495d06aec8e8aaa6040f75,426159142,,,,,,,,,,
0x86cace05773b937035ec4ae1e246a2d9e6f31606,379440054,,,,,,,,,,
0x465b11304006e39d6d05db50042f60c8325a84c0,382010408,,,,,,,,,,
0xc1204b75a40dce9200697a27e90c98dcf29037b2,415801861,,,,,,,,,,
0x0ec3c7ab21e219b2fbf299aa61765143bb4f1572,416483222,,,,,,,,,,
0xdb65bb2f08d4da7d9637c4cb834eb624be3ff802,410945262,,,,,,,,,,
0xb3b85facc69552cfc1a3c5175e56b84c1a8ed80d,426513582,,,,,,,,,,
0x05c4cb301aaee68b7e64c9d656fd19a02fc091e4,416831733,,,,,,,,,,
0x201671cc00d0aa8691ddaf07244b26e48bcf45a4,425827037,,,,,,,,,,
0xedcf80e8f218383903966431c4737f7d5ce2c170,399874902,,,,,,,,,,
0xc5d3837003014482b1bbfdbe00ba9d95710da5c4,353162703,,,,,,,,,,
0xb3b55516392042d079dc2e53adf113b9b73f72e7,402644239,,,,,,,,,,
0x5cf6ed05a891c72c19e7f164d62d4686fdd29dac,415847412,,,,,,,,,,
0x68c1812f0e28cf6fd9f75c560537d01519aa02ee,354196673,,,,,,,,,,
0x569cfd9094fbd2d2b59287a738ebdfbeb357495f,380970596,,,,,,,,,,
0x3d38260c9a9672f95fcd964fe2366be260d8d5ef,415824162,,,,,,,,,,
0x8d6f9469d3f2174338872df4c5e4fc7690617f68,410949336,,,,,,,,,,
0x4a3e354ad8b1366fefec2a2c6e91372a75698640,379589280,,,,,,,,,,
0x9a2a8c20f5fd0a84341bf6a093634ecafa1e9b86,353509085,,,,,,,,,,
0x6a77d0d9916fd1cda5bf5e9dbceec0ae239ff5d1,353505785,,,,,,,,,,
0xe868019c785c3c3671c5898a8cdab6e7c469f33e,416135827,,,,,,,,,,
0x65a6f0d6f5642624bf5d3054154dc8b5431f2f91,392938585,,,,,,,,,,
0x417a775af6c67972282bbfd270ed50b6aa7bd27b,426856556,,,,,,,,,,
0xd3fd0007bfa362558022ffa35611c0f29df05195,421328620,,,,,,,,,,
0xac482d908ca0613f5ce2db0993bf045be75cfc3f,415852477,,,,,,,,,,
0x043c1841e915a2dc175e3278f96a5deebeb6911a,353162484,,,,,,,,,,
0x6167f63b185caada2f328d967be973b22bf58858,365257514,,,,,,,,,,
0x10f255e0e852796a137c238428f0ad9ee0638e12,353852895,,,,,,,,,,
0xff3cd1513effe63cf1a22c963ddb124d66f88fb4,425466240,,,,,,,,,,
0xd8c94bba4094873522b6788a8a97f524fe4bd526,396762576,,,,,,,,,,
0xa13771e0f17fa4d683fb10881c57a3f71a403e66,380625707,,,,,,,,,,
0xbd44e9c8748e4d04ad6d0873f19cc6a4fa947635,413712463,,,,,,,,,,
0xe9425973f8375e6fe912bb22718b233f6f617e66,360762743,,,,,,,,,,
0xcfb3061ec23cbf0a582dc8a32ed2e0e68712e00b,353852164,,,,,,,,,,
0xffe8944af3d08ec70ade43775e39b6e378b64079,416138070,,,,,,,,,,
0x06346b813f40ae3c8122e805970a7194b36224da,418920342,,,,,,,,,,
0x0715c304eaa8e5f398946af5ba6cb28b05d7f9b9,409914074,,,,,,,,,,
0xbe8dc77ec64654e858af7987103d9d1e65ebf6a5,416136203,,,,,,,,,,
0x9a886a3dc140965ea07af65b638890aa5f76fcbe,357648192,,,,,,,,,,
0x4fe2bcac4bf30c453bc860f32a9d1688df4e400c,394321775,,,,,,,,,,
0x72ae0195787d3a91c68044f4a718483932ccd22f,421320453,,,,,,,,,,
0x3f70a33b5f3f446c479561c53a667f2233a66496,415847301,,,,,,,,,,
0xa18b3ce044546a869d59d7363671da88ab2fc853,423392979,,,,,,,,,,
0xfe6084d1d620db60e21dc2c4a1798756d498905c,420978127,,,,,,,,,,
0x88f5eeb15d42faab7bc165e9f8c4a98e0dc43f9c,413379156,,,,,,,,,,
0x07fc5790484a8378c8b25b2861338af6b69e4ea4,353507680,,,,,,,,,,
0x644c32eb825db6ac67c5954d46f3aac6e82af87b,409579759,,,,,,,,,,
0x8368e069c18de546c78846d8ed1a92518390e7d4,426870434,,,,,,,,,,
0xfc5729868a4a0502b22fc9916e3fa1aca27f0d27,415841435,,,,,,,,,,
0x6634fe73b0bb72ac1253da7916c83f16ba61a8ce,357992033,,,,,,,,,,
0x5ae7adabc4449b017243e6801f61c69ab1b3f95a,409579546,,,,,,,,,,
0x7f07384fda8531d4fcecb555ec6e0b965e4444eb,379591301,,,,,,,,,,
0x7489113a0aad0fbea08726bde09fa55a74c55280,415814359,,,,,,,,,,
0x7b5c7d737927d503f4fbee6de14f0977ec160a94,418210269,,,,,,,,,,
0xbe36a2901ad5bbaf2bf8d0027c681560896fb4e9,379440539,,,,,,,,,,
0x1944103cedc4b7de33e5b9d1c47b5f540f0738e3,366294946,,,,,,,,,,
0x6354a9baec5ced0d8090669fa9583eb5937ccf43,413373286,,,,,,,,,,
0x22eaf2bedaaea18a6eb9c36a8ce575cc5210fbb5,422025400,,,,,,,,,,
0xa77fededd2505683f9270006fed7fa8a80d8d200,415814098,,,,,,,,,,
0xbb2316b7fc02d7443b7489088c51412974fec0bf,379937624,,,,,,,,,,
0x04a8e2772f6bb32169ca85c6fac5972e3395a36b,418556062,,,,,,,,,,
0x003465a162a927ffeb6d678d326a516b5cafca92,421324550,,,,,,,,,,
0x9c188ef09f063788c751126f21cbf69b5ee0bf83,401946896,,,,,,,,,,
0x65491339f6f18c467dcc4dc49eb4a34e20f45f73,416143168,,,,,,,,,,
0x54c7fc63d41f5f2dceb67546339ff3f5d2d3132d,424439648,,,,,,,,,,
0x1cafd03f452762bac4a8dac3df9c2642183bf3ba,354196445,,,,,,,,,,
0x0063f2e725e82149b53f511aee578fb5bfc93f65,415828915,,,,,,,,,,
0x8d5218d709793597bbd868c15999469f2ceeb451,380624313,,,,,,,,,,
0x24c87f2d8ba5454bb4e39d663362ae09b3b7c068,413369761,,,,,,,,,,
0xeef40749c62d75fe68893a9f45152813679df8a6,426158952,,,,,,,,,,
0xf41ce895201d7cf364fcab78dfbb6a844c97cfb0,418558041,,,,,,,,,,
0x56cdf641d3f539c4be783f3e828d5289c2eede8e,416829544,,,,,,,,,,
0xa21286a5388402942349f53396067ea151361027,415849901,,,,,,,,,,
0x56d793f4213352799ba50f41f5fc1b5451ad9cf9,353160660,,,,,,,,,,
0x9b402d972625ff13d92bb136c077ea9748fb769d,415801955,,,,,,,,,,
0xe4bca57854ace843450d2a43f54fb81007450ac2,379440210,,,,,,,,,,
0x08ab0ccb04e6ea46cb0ebd3400cbfe1bd2bf5efe,355574934,,,,,,,,,,
0x3a98d86d5a1404851ad6331227024f2eb2ee226f,415813665,,,,,,,,,,
0xd79e140ffb9bf4a95242da7c98336ae5d0e7fdfa,409214200,,,,,,,,,,
0x6c93cd3d3945135836881e7fb94364b9f6a8ea1c,379590791,,,,,,,,,,
0x2b81e38e4f9f89e5a5477f304fb3de56d9bb2679,415810128,,,,,,,,,,
0xbfded98bacd03b5d4f638edf14d6c662662691b7,379936072,,,,,,,,,,
0x72226b44f63d3e8d98e160e5524d516a8b36e594,379439976,,,,,,,,,,
0x9104d0f70b86b8cc5bd7b72614e1f73019dd7bd2,413374741,,,,,,,,,,
0x7bf129fe2ff7ef2cebf2c326b4d7374d8e364e78,416144131,,,,,,,,,,
0xe7d81347042de4f915b203c36780c0bb5197cdab,423060961,,,,,,,,,,
0xa08dfe69950d3e97a432b8a915b446fcbf6f4a80,419264131,,,,,,,,,,
0x9ad26a772df5d1be715c6122b7e68a17a8b88e16,353853583,,,,,,,,,,
0xe13802d9677b08d7dddaeca7f22619ebf39c958f,353160329,,,,,,,,,,
0x64e4dab54d99a5d19718aaeb26f19ad46c8aa99c,416487748,,,,,,,,,,
0xbe317be6f58ac695b61a122b2cda40743f98dd32,418567710,,,,,,,,,,
0xdc48a24faa1315f64d2ba9dea35e515e78d9eaa1,418217813,,,,,,,,,,
0x57581981b5507cb26ab7abbf00d1df2391722141,420629690,,,,,,,,,,
0xa7b0dacd40d1586546ccfd24b72e73da9b40de5f,415822460,,,,,,,,,,
0x1fc6261f5a78f99c481eef830332404642462b5d,415802294,,,,,,,,,,
0x9c16116e00341f519a84defb781d69c03e823966,422016391,,,,,,,,,,
0x4d9ed28064d11f946522dc3ecd76e76ac1590cdd,415849073,,,,,,,,,,
0x2e9c7ad97f7bcd73cea98c372e7940cb7b85ad44,379590667,,,,,,,,,,
0x5bce9430833e835064cd9741733c808ddb7ca8ac,355572876,,,,,,,,,,
0x9800ccdd74524e53ae3f29b2c75ad06a2af08e3d,411297018,,,,,,,,,,
0xc23f084df00b8f48139ceba0503ebe5c5551acdb,411296510,,,,,,,,,,
0x840abb4bc97c4e5a16d0c51e0e9a5af3a5dabc84,409909636,,,,,,,,,,
0x624785814f3b1688aad590a37b04b27504d9f360,408870341,,,,,,,,,,
0x7773ec39f4aaa34fc95dad668fc591742925ebc7,425481361,,,,,,,,,,
0x7bb55d8a2d2790394297ec1c70221f0ed1b10454,426514427,,,,,,,,,,
0x1c33de1396f1035c42cf9c6f688f10ae634ded1b,410947610,,,,,,,,,,
0xca26a9266afe15295b506a5e7cc3160971e8723d,391898501,,,,,,,,,,
0x58a7aa83149874579d7255803fae55f00be01bb3,380280416,,,,,,,,,,
0x99b41b29625217b12b899150dbd239436a8551bc,379440152,,,,,,,,,,
0x302e3c84483d24edd73b7bcc5184f11a3466af6b,398841225,,,,,,,,,,
0x2341126069db7f659bee05bc24cd5e4bb143d882,425472830,,,,,,,,,,
0x65e2907296e9336868f52e6d726d010c6393ad98,419248640,,,,,,,,,,
0x1569414d26164a58d49eade34f0a0abfd4f0d2f5,419258630,,,,,,,,,,
0x88d053d90d4f81467e586a881f9c9b8d0ecd3a69,380971114,,,,,,,,,,
0xf0c37e46d0c895d964269eee437c670b65717896,409584775,,,,,,,,,,
0xf08dcf916557658f92a4d0dceccb3e0b44070b1b,409224098,,,,,,,,,,
0xab106def03df9688ac7ba4cd5b6c9f0fa26e66be,412330921,,,,,,,,,,
0xc4f3d26d68c25589469eb2b77f8fbd0edbb7d7c3,388242387,,,,,,,,,,
0x5765a6077222e497866abd3b669d5faac961ba15,404084867,,,,,,,,,,
0x68b1598a6b11c440077de7e9442479be09cd7456,425825904,,,,,,,,,,
0x012c768e5162d5ed965d45935634efce705a57ac,351609255,,,,,,,,,,
0x74c41e1b3944ea8b83b2f0b3ec0f8a7a1199dc0d,420975772,,,,,,,,,,
0x25fd4062f32977df707ff52495d3443cea1a0f2c,415802423,,,,,,,,,,
0x3fea88072d8b05f1df44cd935fb5740a6a4ab0c2,419601336,,,,,,,,,,
0xed9dba00fe64ccec222c6263ea82c94ead2755c2,416133981,,,,,,,,,,
0xab1cedbc86c6397750324af2a15e9a95d334f944,389156727,,,,,,,,,,
0xd6d87ee5c07b5ccf62f34df0c4e27749935a26c1,379932752,,,,,,,,,,
0xa94fc52c8c3c61376659c70df8a8782d4168138d,353160994,,,,,,,,,,
0xe5b943d03e415e5e85b8fb4de0ec63c6e1b43fc0,411637404,,,,,,,,,,
0x721c9dbfaf390fb89620f61d61d46b6b47f5fbfd,413712315,,,,,,,,,,
0x6c04833cc477ee54e117a96df2a1b6801c452c19,415807739,,,,,,,,,,
0x3026e072364a674150d8d2b4503efbcbc9e1311f,424086990,,,,,,,,,,
0xbac4186ad475b7443b2b146775193a3b8e2b1376,421337514,,,,,,,,,,
0x8c5f5a84b2226febc613dc92f58420e1a119389d,415849546,,,,,,,,,,
0x19fdad52621351bff6007317b60b53d8656208ad,418573444,,,,,,,,,,
0x82f8dc2fa442d860945c31fdcb023265220a6cf5,368030725,,,,,,,,,,
0xbd1cd0334ceb3d0dca69e3a48be13e578be2abba,423740823,,,,,,,,,,
0x735642b4098a2bc53d72606ae1bb8c2d509eff39,423750970,,,,,,,,,,
0xb532e436744a157968ddcd240d510771d0e6a106,354195933,,,,,,,,,,
0x4f709421510c0e08aa6e552d7e1583cd5d8fbc73,424444710,,,,,,,,,,
0xdec03e3ffd6a0cf21332ed8095d3469cc8f66ed2,418919616,,,,,,,,,,
0xb3eac7a6961d429f3db09c65637e886aaf5068d6,421676808,,,,,,,,,,
0x7e2631a63da9b72a903a2913dafd3705f2862702,355575719,,,,,,,,,,
0x04cc73d63a631e80300b99491c16a181731e51b0,355575163,,,,,,,,,,
0xd5799ffdff2aba0dfe43be88f98bb9ad227374ed,412336859,,,,,,,,,,
0x480fa91ffc5428c740dca04df0ca7697369c6568,380625866,,,,,,,,,,
0x4d94a239dc5266eb5b5cc15c0f6067c7aa485d29,394321005,,,,,,,,,,
0x5d7f572b38e7b3ec372047e3380be447c6fb836b,353507284,,,,,,,,,,
0x5eae5f9c5391f26d6cda7237dc60ab68654927a9,383394984,,,,,,,,,,
0x47da06af8bf99d37f4a1c52fb517a649e4db0c8c,409584851,,,,,,,,,,
0xd5ba9ed8472148252be708af9b22336b7356e3ec,418900441,,,,,,,,,,
0xdfb060eaf545a501f80ad7e5d054a9ad82acc4da,418913753,,,,,,,,,,
0xafcd54e27cc69391ab4eeec33ba8536a1e52a24a,410945049,,,,,,,,,,
0x5438c486b84520fd7d1923fc32bc2a1fb48f1e0e,413370648,,,,,,,,,,
0x6edb3ee4a3215e11ba487fdf59477e4523a7e321,415825142,,,,,,,,,,
0x71f61f5275f7cf2b5d76f727367c15b0e4111975,423052300,,,,,,,,,,
0x0d3b21fc4d8c73cb54e8727c8be0b6c7a3458e55,420993780,,,,,,,,,,
0xef3a50b8c6fe69e00b03652eff5efc740e51ede4,353509223,,,,,,,,,,
0xdcb7d270bd8284ea42687c4238374d10c7da337a,410950573,,,,,,,,,,
0x6f7d01e3b22a43c78ec7efb4e5720bab49401b04,426868247,,,,,,,,,,
0xe1fd77273948cd865bcfdf0b8f5ad622c9114879,409578603,,,,,,,,,,
0x2a22c61b52ada057c5b63f66e38a3f39acf03c14,386510144,,,,,,,,,,
0x0041e0e791a1d7e73a4a0ecbe12cf021bf81d873,402291939,,,,,,,,,,
0x6dea82d8b5fa020fc018575551f01e69601f6874,415846272,,,,,,,,,,
0x2ef1d72befc3510379c055861ab7e1e7452edbd7,424445747,,,,,,,,,,
0x327df08935aa2d6d2764253b9d0b4ec8e585f290,353160757,,,,,,,,,,
0x5d646d154bd66bb7f55e609371b5f8397f31345a,352124832,,,,,,,,,,
0x80e5fdd3897f360e10a715d152908187cc1f4c23,353853913,,,,,,,,,,
0x0f58dba0301a0ad66c03a30ef148120cf356f9bd,421326235,,,,,,,,,,
0x3183866e8ebe4677f240d687a42318349e546988,388242696,,,,,,,,,,
0x51455a514e66918373f20dc78b3f29bb4b222b50,410949719,,,,,,,,,,
0x6f5df6e20173765b9d47460b948ec551dfcaa054,415812421,,,,,,,,,,
0x83c08de5e4bf4a765c8259ebd1ddbbd625711c1f,380280901,,,,,,,,,,
0x3d64d20aba5077188ededa42d9a4c25340ed75e6,379440836,,,,,,,,,,
0xbe5e997e252c7ab900116976e60718de21b0a6d0,379589102,,,,,,,,,,
0xdd978ea8443434c5d77b697e867e1e28810d5d69,418585730,,,,,,,,,,
0x4ae54c36e5e05d6394d45f390444ea2ff917f3a8,415845536,,,,,,,,,,
0xf8c486fd33b3099ac27b2e8aea50e6d32c6c6593,426513200,,,,,,,,,,
0x53de44d8cf56772f8e882179421fa9c14176d2c7,418559958,,,,,,,,,,
0x16c1f6766d894d74c4619b480b23dc64cd1d1cab,420635437,,,,,,,,,,
0xc47289f4209c7aa82f00cb0b3608f4675c7ee3ad,413371402,,,,,,,,,,
0x8784d2a754368f322e3811d7dfaeb68b7da8b89b,379589655,,,,,,,,,,
0x63278591355f3aa3d602dc7b8fa44a421a6d429d,380624334,,,,,,,,,,
0xc394e7cf6ee912dd3e6e2214e550b7c0f128fc19,392249436,,,,,,,,,,
0x2c347e8a8b30801580612822578d0f0a83adce08,413374074,,,,,,,,,,
0x885ea947ae54f53c1b3c1c8adcca1f9cb634e86f,380282836,,,,,,,,,,
0xdc080487c35ba3c515c4a00b6180d7195d8788ba,409579577,,,,,,,,,,
0xd3d17505f5d3efe295576bf646e6c460ef19699a,415843439,,,,,,,,,,
0x1da22ee21494cb220074656d876f950e92e91bf1,424085539,,,,,,,,,,
0x589b78785b8afa6f4a9fce27c5218f5f0022e326,424096852,,,,,,,,,,
0x0411cfda5b43795b2af3270ddf8ae72ad559c259,380280114,,,,,,,,,,
0xb5d82861d96f16115c5eb7c14f3883e996bb75da,353160893,,,,,,,,,,
0xbddcb0118af395b6362660534bd3cc2e6dfdbff1,391902218,,,,,,,,,,
0x085ff8ce5dcecd51119d864d8f4101939fd3771d,415836185,,,,,,,,,,
0x1c5c1a4297b7dde18f4e2a890b7c364900c95870,380278460,,,,,,,,,,
0x82bc37a1023d83b8a744a1f22a9a750763efae75,379440616,,,,,,,,,,
0xe653318b29f2f4633d7fc76f251ca5dc3dc8da93,415850877,,,,,,,,,,
0xea454a845c841bea96cbdfa54959bf219b861b8f,402644526,,,,,,,,,,
0x106d190967970b2d4003375456b4fe93dc856f26,353161132,,,,,,,,,,
0x726c3992434afd27c88c78931a39c6dd116f6033,353161195,,,,,,,,,,
0x66224ca8fee4df618dc8b726ce742dc476083ea9,409579349,,,,,,,,,,
0xfa2a4600b5ae60340473d04d1810567ee80ecc31,391900446,,,,,,,,,,
0x2d647db662accc99a4ba683ea3c6edc7d027edd9,409585015,,,,,,,,,,
0xcadfdc313a389aa080d5b04fb0b63781da9aac28,423753943,,,,,,,,,,
0xad11812cf0f5fd512bf923d61e8eebaaad6c070a,385473280,,,,,,,,,,
0x5d9d8e7abbad6a850da791968b11aac304e6ad93,422017362,,,,,,,,,,
0x4b3d6816aa36db0f0745a6dd7c37af107098abde,353506769,,,,,,,,,,
0xc3ba1ce9f47905f16b35ac51b5f7e3a0da002bcd,353160285,,,,,,,,,,
0x2825f7866fe13f9c69b63a3213c0868e007cb8c5,391899862,,,,,,,,,,
0xcf983c00b3ef7ec43d9ad2588254bd807d521bd0,353162282,,,,,,,,,,
0x2a73d098780133a27f2779d0c72b48122ec8f58c,419257376,,,,,,,,,,
0x33453c92f130d01af071f7527a599f56e1741493,411292934,,,,,,,,,,
0xdffee127c7ca1bc0ef43fe19be2dbc2feb00d06a,413417557,,,,,,,,,,
0xdf7dd58854605b1bf4aebdac81b736549b6b3414,400262172,,,,,,,,,,
0x28025da2e96ef6bcd3afe30c4d0e6a6f977985a5,407484269,,,,,,,,,,
0x6159401f546e121743864be6e9cc95e7305d362e,415801827,,,,,,,,,,
0x1ae6c59c3482a91e1527ea482b0e380e0ece6848,416482373,,,,,,,,,,
0x3922ecf4e5d62564ec19fb333d69f1c162f0c085,353507505,,,,,,,,,,
0x1db11a31e8f677fd41e2574d9686c40fe25bf9f3,353161855,,,,,,,,,,
0x36705062a93c58e1495e338eefafe34a9cc657a0,411645924,,,,,,,,,,
0x298f4ec26316acbda146eab028e30e8e72a93890,379590236,,,,,,,,,,
0x75aaaa44083b429f1c4cc1e12e8ecc164961391b,415845956,,,,,,,,,,
0x06f7649818cdd127641769343f43903def24540f,416136737,,,,,,,,,,
0x05c44524487f39a54b8b2d72f1cf4d3cbfff7075,418220881,,,,,,,,,,
0x088aabc96e8f23e7d94d414e501c3c689f9d83d5,419258098,,,,,,,,,,
0x8d5271f1e719c92935adfb6b84872574a963a740,353854023,,,,,,,,,,
0x68f3fe9a737fea1eeb4574b27d08359120b7b0b8,412333839,,,,,,,,,,
0xc463e6986fde064d37e592887942e2c03bb2c0b9,415802604,,,,,,,,,,
0x48fa3476eda49919d1f3de219e45008c63dcd9f4,425824454,,,,,,,,,,
0x8877dce702ebf1fdc55a4f36137d024924331f0f,409579272,,,,,,,,,,
0xb0bf53e66fe2602cf237e8688f63ba9a021778f5,353508770,,,,,,,,,,
0x0b8ba2b8b5295a7e2b74e180e67581474e2ad8b6,401257609,,,,,,,,,,
0x1a1a5867149bbb2dc281df2d71eb3e4e6a070594,416830019,,,,,,,,,,
0x3c357e4deb03e657fe88f83995363dbd608ddf47,420977739,,,,,,,,,,
0x5ff580d6f230f86b2e82ab667f3fd308cbe6a487,415812045,,,,,,,,,,
0x94dbb8bef6236f19539abea760e4ceb1359bb7b2,391561531,,,,,,,,,,
0x49f40147aab1dc49c67c1182540e56334bed173a,403680221,,,,,,,,,,
0x35b56005423de939391d6a7596ac2baa51e2f795,353508309,,,,,,,,,,
0x1339320e3261bbcb724e5a61fadd3b36948bb4be,380627597,,,,,,,,,,
0xbf93be401ead5f4058d1d0df4f3837285855093d,391561777,,,,,,,,,,
0xa105d5c5e558a88e400f5a6afad28ce88239b89b,379586982,,,,,,,,,,
0x13f1ce4454a9e52a0f1fde0424bc30db742fe4dc,415802058,,,,,,,,,,
0xcfee5636a0ad7bcd8668746d746b28bf903e987a,425824090,,,,,,,,,,
0xd3d84cb5296968ff23036e9fb2550f7e47d8d880,418214307,,,,,,,,,,
0xb606d0d40395b32bb65e53c6a32a297aa66c9bc3,406441801,,,,,,,,,,
0x8ee69ef8252a4f877c7dd45a11339df37615c4af,411983087,,,,,,,,,,
0xcbed8bd766af742f4820bf07060ba8b12b5194d9,353506794,,,,,,,,,,
0x7af3822f7f5f2f3823721f04eba7a7b9f06dfa64,397452003,,,,,,,,,,
0x1fbe3f3972885748d3fd97b0ca267be43d155930,409578367,,,,,,,,,,
0xd01220895cb4ca03265df0411396f917e4c30892,419261049,,,,,,,,,,
0xb749adf15446201a53e1d3452cf4cb7abd67dbd9,353507131,,,,,,,,,,
0x4313be6eb9da3a2d2775d982aeab838d36f1b02a,415839353,,,,,,,,,,
0xd52ff5d55101c84015d858624dfeebf29d6cac6e,353853454,,,,,,,,,,
0xcb0d43c6453ed5c549b7b7de8a489176fe5e87c4,379590257,,,,,,,,,,
0x7811503cc706e139a973017fa5514f6ba379cdc2,409912867,,,,,,,,,,
0x1542fa5f0eb4f992aa5ebd47007ea71ced26a363,379440242,,,,,,,,,,
0x3496eb06990a3a3ee431f9e5347ba59ff5029cd9,415807258,,,,,,,,,,
0xafdf8980927ed05c532f12d9ee3a2a7d34f0455e,415809408,,,,,,,,,,
0xa845690f57decc432a1094a0c4a1ab49b7abf93b,409906199,,,,,,,,,,
0xb61778454fb556fc5b88c01864fdeeaceda0167e,418221185,,,,,,,,,,
0x4170600dd402df327c5c4e4d7647cfbbe785f232,418231095,,,,,,,,,,
0xea3f7873eb80c3c76899acf58bba1c6088c133c0,406446732,,,,,,,,,,
0xc3e3b8016d389603e20db6edcdff3778ca7f431a,425475277,,,,,,,,,,
0x019db453c782aca45ca7dd630c5a91ef45e8d753,352124915,,,,,,,,,,
0x681e62416f496bd79ff7274eac76657d2842492f,355232534,,,,,,,,,,
0xd296cbfc8fb7a9846c197c8b052962cd03077b5b,353508807,,,,,,,,,,
0xf269a02492202340a3665d55d481a02d9dfcb260,410944736,,,,,,,,,,
0xf5262dfd052db7f1351c4a7deacf57797284798b,416143141,,,,,,,,,,
0x7be2ba4a573a88937bb038c12d05f99fb30a322a,423743463,,,,,,,,,,
0xe1a777ef5568ab16facc03bc7fec3c833d776155,411645679,,,,,,,,,,
0x7767bdee1988f31996a255a8813bcd02b766f148,353507166,,,,,,,,,,
0x98d306af25dbe281f68fc53231fa26344303c7a2,411296174,,,,,,,,,,
0xeedeef8f7ca9176f98417621c43ad40c3f180a01,419598188,,,,,,,,,,
0x925a4d1b859f9115941e3a298ec84145f03e8e0b,416827188,,,,,,,,,,
0xef5a7eec2097fbc40c1d387bc1f2b892f91c3d24,415803892,,,,,,,,,,
0x08be264ad5a463566f55b70d63f42c5fb353540c,353507755,,,,,,,,,,
0x51a598d841b5cb96140b470bdb076771e9b36e0e,356608356,,,,,,,,,,
0xbf3929a29985fc0ef15656ef8d4514375124503e,415802265,,,,,,,,,,
0xce213136e6188cb289b08b9f44022af7878b27f9,411637428,,,,,,,,,,
0xc728418ac7debd005040fd57dfb8f8e1e888fb73,394321965,,,,,,,,,,
0x7abe07e12681031144ccdb147f984c628c2912e7,421674507,,,,,,,,,,
0x5f826fa8611ca2608f2d5cea3c278d412a6baf8b,415827262,,,,,,,,,,
0xcad5e04520b22edb09c959a62fe76aa78d3d5008,415826250,,,,,,,,,,
0xebfdd5f98698341d24df175580441435be552808,419261708,,,,,,,,,,
0xeca8f0cf7478fdc65db60ffe54beb92c5827121e,355575475,,,,,,,,,,
0x05f0ed6e8e6c1536fe76a8a83dd7f13ad35f73bc,382353942,,,,,,,,,,
0x23617f3e956eaa786304b36550bbd88fac1ad3a3,384435485,,,,,,,,,,
0x88183e2d63158cb983f32d2332e9f756630ffe1b,392249123,,,,,,,,,,
0x1cdb7d6afe918b7f16264429b342b02f3c4bcc67,409907437,,,,,,,,,,
0xb88a2b878dace85a32a3535afd84aecc3e20b32a,419593823,,,,,,,,,,
0x4c42f92c3ed8631593106b8499c2fc37a969d42c,423749585,,,,,,,,,,
0x13fe4bac685aaa9ccdd7f2a35b9724452428dab2,385473760,,,,,,,,,,
0x19b13e876030fee5ea66f99a27ca8b160efbffd0,394666822,,,,,,,,,,
0x06bf4105de7c15378a1d24b58e76241627396b6d,424431358,,,,,,,,,,
0x4aae1f68744398548d02213efa906c6518df7cbd,412335747,,,,,,,,,,
0xc5c602d87a712079ad70127ded5113a17850fee9,411293153,,,,,,,,,,
0x20c60d2a433f134e755a61b2e28db26f327a3458,426876267,,,,,,,,,,
0x934723117af66e4df6527350f3c59d4f3159f02c,420635237,,,,,,,,,,
0x97e6a30d286fd4bea00add3ebc4aaffaa790b2a4,393976550,,,,,,,,,,
0x65b6b494a56daf2ba89ecdf17c0c85b552dfb078,402292737,,,,,,,,,,
0xf2871f885fa62c0829522d5f250cd252db68981c,382011787,,,,,,,,,,
0x4a796bc21cad091a613d7ca7c4a033625eae5041,420989929,,,,,,,,,,
0xc97bdfb6670cf3f77bc2de8a76e733c5232e3b85,420974910,,,,,,,,,,
0x36b7b5132b26c3f31002b1db3bd3c4fa21896a47,422016474,,,,,,,,,,
0xced65f3db08c9c27b16ba6189746d4a96792cf9f,415808366,,,,,,,,,,
0x7a91925993405ae0efbb023a52eb5df1363add59,416138370,,,,,,,,,,
0x97b4fc0d0a1e8bac712200785bf63e65047964ae,353161950,,,,,,,,,,
0xbd077aeeb584fe6da5b629da33b922a8203b6d56,394322295,,,,,,,,,,
0x222e66df7155da393201eda770fdbceb7739d9ae,372586688,,,,,,,,,,
0xa73dfc7c2790999e2d377c69611e6ec091972065,420634486,,,,,,,,,,
0xb6b0e8e81afdaadc421b14ed434855fb1a641acf,420634321,,,,,,,,,,
0xb24a050f7a302765bc0bd9113eb9dfb701091b65,390519741,,,,,,,,,,
0x6fe049dd3466bf03faf2146bdf1df5f02466bc24,423744912,,,,,,,,,,
0x1b94a62381864d2b8bd1ac0423411929361edaca,411637931,,,,,,,,,,
0xb1fee1dbaab5379da238483bc0ee699f64bdef45,418559045,,,,,,,,,,
0xc0ecab89c5a32f5494f210212470dd1b0ff4e1d2,389280153,,,,,,,,,,
0x31f38dc51eb5ec41fb1b51227ec1cf3f54ef2eb5,415802150,,,,,,,,,,
0x3ad9ec0576241e69bdd6f1ba32aded7720e065f1,418216834,,,,,,,,,,
0xbf1141bc96ad0cca4186023d9dbd77bd53a2f020,424098365,,,,,,,,,,
0xb17a2e83c217e3d49fbe3a26fc2360d3c9ad013e,411289999,,,,,,,,,,
0x0d88eef8a5c512e146766ba290c29d1530b230ff,423048926,,,,,,,,,,
0xe5f1d41d03bbfeb8d54075b6aecf6c55c4e4ce5e,409579843,,,,,,,,,,
0x52ed905f3a5d624bdd95de9efab701d2860fbd62,351609529,,,,,,,,,,
0x6b9c1b33e52eb519e0285b9181676d9bebf2fdea,379440187,,,,,,,,,,
0xe49cc22c5224ad714e163b7061549cbc08352232,397806559,,,,,,,,,,
0x0b05222696955c43fb98efd8a10c6c244d42da9e,409584800,,,,,,,,,,
0xc9ab0fd479353bdb26d860eb700e63866d70f138,420634350,,,,,,,,,,
0x97b941ea7add9a6cc9e665b8ed6cda2e2946d191,379591384,,,,,,,,,,
0xc78d6a55457f075b429bca8f50b961019e0888a3,353162670,,,,,,,,,,
0x9075a475f058d837a3c7c41ad189c35ef61a69c7,351145304,,,,,,,,,,
0x913239cd43e6bb8b0057ac8362dbd90ae4328eac,379440473,,,,,,,,,,
0xbfc460641296522c986ff0b6c926c00cfe7d409f,425466980,,,,,,,,,,
0x6abaeaa40f759373c7a6b66ceb9234849b075ebe,409221328,,,,,,,,,,
0x789ea409d0a00f1466973027ada6a7b057ae7475,397806636,,,,,,,,,,
0x49274c3fad241a5cda4a9659f643a182a7a3ed1d,421323304,,,,,,,,,,
0x273ee96e7b4f090cd44c0595c3b916a69a8c8e16,399877472,,,,,,,,,,
0xa39e4db8a6440cb85e1facc2644905b73ff143f5,384435438,,,,,,,,,,
0xd26da0de72c91f89236defc31f05c9df7a0e80c5,409579301,,,,,,,,,,
0x9c8abb94abb67000162fc2b8f8816accd78d236d,421321974,,,,,,,,,,
0x5143ed81acc6dd7f6f0cc0274222a104fb06a910,353160829,,,,,,,,,,
0x2d4c3d69c54df6da38ea857c98da03d53ff353bf,418565566,,,,,,,,,,
0xc0f94a7bc1847fd547a17a434607396c4901317f,415854876,,,,,,,,,,
0xdc97d78dff4cc1659a880520360a69779db118e0,384433990,,,,,,,,,,
0x89ed48d6f20a2a637f8b103e5696c14c7b227f16,422012002,,,,,,,,,,
0xc246fa5dddfa9838872cad8bf10680606a46e4a1,421681461,,,,,,,,,,
0x2264f8c71bfa862b7133e83de9c19e0431663e6f,353506262,,,,,,,,,,
0x22c9c0777af061f59de45b013cb931376925ffbb,418226002,,,,,,,,,,
0xfeb6d087ee3bd7fdc5e50bb3b487b62d7ea31212,416483648,,,,,,,,,,
0xfcda86c6bb4a4154d56e96fd7a16672c85d34212,413367278,,,,,,,,,,
0x2c22ade7ff84afed837c842e31e636383cb50376,379937646,,,,,,,,,,
0xd0e511d15991ecacad7f820af0e2d308b78eefd4,421336264,,,,,,,,,,
0xf19fdda0de06667c324b4a229ff1f61b975c3f2f,416143648,,,,,,,,,,
0x7166d11fa3cba7d12a6e6b6d4c20b26ea6e44da6,426160275,,,,,,,,,,
0xbe4b4977045d4e77b8cf945bf9f1ad9b65a773b9,409579788,,,,,,,,,,
0x65bea61da80d3b21a5d75bbb5f647a2ce4ab8f90,379590357,,,,,,,,,,
0x43e81f0c4ed28d4d6301fc66c182ee3e673fbcd9,409913691,,,,,,,,,,
0xdfc901977b3c0fbd4f53ed4f116abcde2bf54812,379935497,,,,,,,,,,
0xf2a72c1f150f3d53debbd8ca4dc072fa1d982bb4,419598393,,,,,,,,,,
0x60ac29454ab2ca3535128c99abbdb06b3ad68537,353161983,,,,,,,,,,
0xacef7497591d433aa8143b13071dc65ba52a7f90,353162838,,,,,,,,,,
0x4e954423885386aa1f894abeca7fda26db037b31,407482786,,,,,,,,,,
0xb425008ffe6186553f101ab36d56b5258ed50bf0,355573521,,,,,,,,,,
0x4762e1e30b6aac337a24498e0640fe70bfa63a5e,401945777,,,,,,,,,,
0x3e054b180b177a6d260e2fabd869226f74708a77,353506136,,,,,,,,,,
0xee06fcfcbd116b97950b3cb702ac9e8f2f244270,353505719,,,,,,,,,,
0x3e3b517d8556d52da57d75caa94677406ef6207e,399185857,,,,,,,,,,
0x78a29e34ccdb8643c28ee13d222a886fb009bf2f,391559857,,,,,,,,,,
0xa9c855849b90d34e614ec61885727fdc8a841468,391902676,,,,,,,,,,
0x91e3b83067e966949d03de0533d3ea65df8b29a5,409579409,,,,,,,,,,
0x83e91da70cb080372f905b83ad2fb985d52fbeba,400262034,,,,,,,,,,
0x1574dfe874b695b80eeb18074e41a2e63b2a365e,416828638,,,,,,,,,,
0xcafc45a5e403ce7d1feaaf222fc9e30eae561a1b,399185150,,,,,,,,,,
0xbc20828f667989f33f1519b488dceb18478cebc8,411984754,,,,,,,,,,
0x6f1501fb29367250e345383b990abf37a31f34f2,415853443,,,,,,,,,,
0x57689be0193508a643532b6ac12f0f1716ce5df8,394667194,,,,,,,,,,
0x5db40f1e867b75ea92be4447d19dd9454d56ddae,412338825,,,,,,,,,,
0x8cadd821d4581e9c767843b65621fae52ff0de30,409578654,,,,,,,,,,
0x261e5f42964a61394c1057f4a069cef71829e589,379440754,,,,,,,,,,
0x2f5b58e21d876c0ea1ffe32308a8244b43f8f408,418560399,,,,,,,,,,
0xf9ac4904302d132477ee536a06159487bc6d9ad1,419249670,,,,,,,,,,
0x68fa81b00ba7dc55776f60a7a39009bd01e56d12,379937176,,,,,,,,,,
0x18e9ee12751ad63d6350bdc6c732c8f8994600b6,411984843,,,,,,,,,,
0x45800477a0911b91e3f58c7840bec466f35a1e83,412336889,,,,,,,,,,
0x896ba1a79f5592973326a41a6ba0ab145df7e81b,353161790,,,,,,,,,,
0x730e7e6f7a987881cb5c7ce6b7484ef9a313feee,353506569,,,,,,,,,,
0x25292bda41aaede8bbe17dda608934455258cda6,351609658,,,,,,,,,,
0x16c821e490ab4d907d307616d67d918bb380ad31,410948250,,,,,,,,,,
0x8d750cdb8d761e7af3b7de8fb487dec1bd708035,418568387,,,,,,,,,,
0xb170df98bf305de580d795a6cfe35cb9ae23145f,416480589,,,,,,,,,,
0x8fd660ef886b298d2bbe4aae8558a6a58f7704cd,424435509,,,,,,,,,,
0x00670513d3c720383302bb2e21bd5a010d49bc72,416479143,,,,,,,,,,
0xe7a7f34587df0f09b4ad86479e26616613df0d90,409585349,,,,,,,,,,
0x98a3adb61b69fd5845f7960697f1a0eb5828d726,353505273,,,,,,,,,,
0x9a88f2c84a5727b1396da8cff3127e7cf309d567,408526392,,,,,,,,,,
0xfde0a48da552c194d709d0f432139d819203df91,410945374,,,,,,,,,,
0xf4a4e2d37262a6333301e9985dae2f5a7d49d2aa,418574893,,,,,,,,,,
0x5adc782badbae1048b6ad40d1c7b94ddae8593e2,415824333,,,,,,,,,,
0xec4c46186b11de095eb91b669916ac6230c7460a,379244964,,,,,,,,,,
0x19d5b40ca5c50084c4348bf746a29cdb24c996b2,421678920,,,,,,,,,,
0xdcd1b7cf8b99dc3dc00a734bc71efc9477b7cbfc,415837168,,,,,,,,,,
0x72faae7326995bf1a17cc2e07a5186fdbd54c4b9,399184011,,,,,,,,,,
0xeeb3123a33f547eb34f5b68d3e3bb6843b8631d6,411290228,,,,,,,,,,
0x58bee50d727be4e785315d19cf95a8a07bcb3cb5,379591252,,,,,,,,,,
0xa6fd1421ec2fc291dd9b5f63d66681e837d42535,353161920,,,,,,,,,,
0x56c26c3015b257b17b4ae1bf127a75d97f6e44f7,415802742,,,,,,,,,,
0x2e571d95e6f6152e653d998d0aab8feeda88a9b2,410944213,,,,,,,,,,
0xefb812712ee73d7ef4566c00b15f12efc9efc7ad,402293625,,,,,,,,,,
0xe9cc44ef381f8d2a7677e946570d47cf42502f15,353506435,,,,,,,,,,
0xba535aa78eaf36d3eb353ba922db36b4c650ff75,415831143,,,,,,,,,,
0xa6c34b9b453895a35aad86306406b6c89df649ea,386857291,,,,,,,,,,
0x77d13d3b7591ac31ba7f8e5caf6da82419b54e97,380972067,,,,,,,,,,
0xf71f2b29e742cea867c608dc2654a933bbd88dbe,389646597,,,,,,,,,,
0x9a6a232a43fda13f7bfc52a9a3b1931360a42eee,409578447,,,,,,,,,,
0xfccb84e9aea3ab65c83ec98974aec0013aa78c36,397806505,,,,,,,,,,
0xc8d49b7e3a5c04bc3ce2bd37e866b20b139ef3d9,410944468,,,,,,,,,,
0x639cbf8e9fedb98812d20ca58ef4c84588ab0097,411648947,,,,,,,,,,
0x4675f00e6ea85b0c441f4213eb016f74771d1a44,379936184,,,,,,,,,,
0x949d5d5ca6a31215aa9bfa84383d6909fda3855f,351608297,,,,,,,,,,
0xd55a4370fb75481050280b6d1dbf976e3cd52684,380281281,,,,,,,,,,
0x4bc7cdc8778c0c8e3f6026a59d41bfc088b60b04,420631095,,,,,,,,,,
0x17bc19e4e2b047e510958c95650ef39a946b7d32,416141039,,,,,,,,,,
0x64bf6528601cfd105925672f535a1b981836f36e,415826273,,,,,,,,,,
0xd4a39f5275552276ee9eca0b28328acf9729cec0,415854518,,,,,,,,,,
0xb62b8adf6ed01710f15ce09da2c2200e19271524,404019474,,,,,,,,,,
0xf7e7e9b778c1f58cc0d726f38228a5b9af56c376,416136956,,,,,,,,,,
0x90fe2bbdefa8fbcac4ec69552e1d2ed5e5e6082d,351782024,,,,,,,,,,
0xa0986981ce83e347d6cfd1bfb3d3463e69d414ab,394667270,,,,,,,,,,
0xa64ec657b24a2f69151c7ff70168724cbba70678,351782057,,,,,,,,,,
0x5f887ce208dc96e06a3962c1fe4a86a63a4b3b15,412331641,,,,,,,,,,
0xeaf55b3fd388d43a61b896da805b65ab95d68951,412335819,,,,,,,,,,
0x3581cb15d45cb75ca67938bf26adcace6a895e3c,420640506,,,,,,,,,,
0x9fc1b64b2328b494364abbbaaeecd01e961e07c3,421325007,,,,,,,,,,
0x60fcc033c65f168050c159cbdd2b34e3328f159b,379591552,,,,,,,,,,
0xdc99ad35dd491fca13b2804e0a34b90f0b78efda,380627329,,,,,,,,,,
0x6e716fd8125624b31235fdac9e89980a712c497e,421330135,,,,,,,,,,
0x767bec9a88ad0a1d8f5ce282b130b2d2d5a915c7,397800505,,,,,,,,,,
0xfdd2d27dd6f981de106a91a41e32bbc4fa6f54ff,380278440,,,,,,,,,,
0xc4b39c8ab32d4a01b5da6113a6701aaaece37f1f,383396824,,,,,,,,,,
0x540ed85983193ea665f160f1ce4a4fa4358e1fbe,410947555,,,,,,,,,,
0xdb5de8545c0e0221a9151700de42cdaf8a50ff4d,415802910,,,,,,,,,,
0x6d710d9e395e3eb602513795e2cf45172279bac5,415802348,,,,,,,,,,
0x3ca6697db5dc71f19e50139ca71991b0f59d0778,409911737,,,,,,,,,,
0x1e6045a22e6dfe3f88f0981f295f640873efc59e,409584618,,,,,,,,,,
0x56e5db432c1a1466d6ae97ff7226a7d64163248c,409579730,,,,,,,,,,
0x1c2c8fc1ee0a371810b744b5caa5144b149816c0,384434307,,,,,,,,,,
0x6270772821436dd7835f05afe6f49af11d23c816,421675943,,,,,,,,,,
0xada1740df07189b93390083b0b3eadec91413cc9,418569137,,,,,,,,,,
0x4f558ed53d84e735f144c1f2b2e22e9ec925e9b4,415802667,,,,,,,,,,
0x5168c3a75717ac7deafde5747c0c00ab63adf204,392937260,,,,,,,,,,
0x0a95eeb665a3cfac1534e330d9d2578672232d4d,425822599,,,,,,,,,,
0xae0abc6a471b70c4cf963f622a73a118953de339,415801990,,,,,,,,,,
0x7fa66b2e3abccf133b901e1f79e31c40dd7a0649,396760606,,,,,,,,,,
0x2236439cdff43a4b862f5922b0f798183ad7cdcb,402643763,,,,,,,,,,
0x839169ee6ff6d0f46777d339d3af5f39282e0cee,354196056,,,,,,,,,,
0x454ea5ac109cfc0cfb97966a3664e8ebd86df527,378526705,,,,,,,,,,
0x7f7d76a499027133c4a12615ad55dfdcd294c9e6,406789935,,,,,,,,,,
0x9b9c0b85e04e3500fb82278f88783d6c772258b4,351609692,,,,,,,,,,
0xf689c8f6c4f561636750a938f4c44f62a3c74b1c,353161229,,,,,,,,,,
0xf8b74aadc932b5637139de87438faa667d7f241a,353160365,,,,,,,,,,
0xf7419baeb7312aeb7268a6390de9ffc4e0049843,416482240,,,,,,,,,,
0x6dc399baec9b4547581fc3ab714e57c2a25e84ba,409906032,,,,,,,,,,
0x34319febfaf971336c052d39ae9eaaf685e8885b,416143193,,,,,,,,,,
0x0bd3f7bdc29488f3c3311abed0bc744bf58f7df1,416830270,,,,,,,,,,
0xe87a374030db919b98119bc44ee3d656d187871d,379440384,,,,,,,,,,
0x7382a6ef9e5e27606eba169f27f119fdd405c6c5,412336237,,,,,,,,,,
0x8669540693e49ed802033c7bdab618b3448ab772,406103339,,,,,,,,,,
0x5a6c8e4a5daae3984207bcc4ad372f6364c07bac,415855062,,,,,,,,,,
0xbf7355cc88c0d6dc3bd074a01ac69949523c8506,421677607,,,,,,,,,,
0x54138b96669525b8cf562f5766ca51b767402eb8,353509013,,,,,,,,,,
0xfe8dadb8282475a4c920e4d55cf6dc4c882ea117,392591558,,,,,,,,,,
0xe56a3516bfb29c91aafc4f7e8cecc66da3a9df32,391559157,,,,,,,,,,
0x9cb03cccbd8fcaeafc447a40d99e6242fc0dd612,409578419,,,,,,,,,,
0xe1f97bf4120081f2db3ae052882a16e0b9b574fb,392245306,,,,,,,,,,
0x583c26b096263a5944ab721277d6fa7ae7373735,425473550,,,,,,,,,,
0x9876504db8994d7f2448850a0e31513adee99d95,382354172,,,,,,,,,,
0x3d27f3b10f869eb161bb07d9a92977a35d7c079b,353507061,,,,,,,,,,
0xf888f3ec56cc8a1629a1133bb47783ee31b2399a,409908616,,,,,,,,,,
0xc5f5608dea75398f80906c49fccffbf402b699b1,351609499,,,,,,,,,,
0x4b65297e54036cf8d9f2e6ba84dfb20934ecf498,353161366,,,,,,,,,,
0xcab101c36d864dbb7bcf10668150fc405f576cbb,391902720,,,,,,,,,,
0xf6380f43684d97e9f3dc9ef123d9be0597c72e34,408526901,,,,,,,,,,
0xf643d02fe8550279bf31701831648dfa98fc632f,406100223,,,,,,,,,,
0xc1c5d03a6c3458d71c20d008241bbc46d7ead7ea,353162449,,,,,,,,,,
0x2336d7e71d8d92ed45b8b3b4b618e399c21cb5a8,421325757,,,,,,,,,,
0xb6ca6dff39898230d5c30bed01ccb0f9fc0f995f,410943664,,,,,,,,,,
0x2baa39d0207bdf76ca2f5c38695480fb732f3062,354195415,,,,,,,,,,
0x2723462e2cc79107dd154cf741be6f5f9cce5297,353852743,,,,,,,,,,
0x0faeb2fc9b31029bc7a017421cb06d31a7eb903b,379591231,,,,,,,,,,
0xa3c0ca5e5a1f31da554170667b65047b2a3ed84c,421681435,,,,,,,,,,
0x30a101c0b21f5ec6faf538234605e5697cc87ad1,418903974,,,,,,,,,,
0xbeef3a0a157419f9400cb5bcf693d2ca967edcae,383396697,,,,,,,,,,
0x5f8f36b4644b3ecd8ba8c7d0d7fd0bed813748e3,418573845,,,,,,,,,,
0x48d29258a5f3376cd6f42d8f118ef718db7591c8,408523158,,,,,,,,,,
0xd0d8e6e76c4520995c7e8c41f2f0dd46127b0819,380280621,,,,,,,,,,
0x38d4f6a8b1b29c07d320ce236598d12ad0301cfd,415802208,,,,,,,,,,
0x6432176f6c36cfc311e339f068d7b6fd8f28d6ef,353162014,,,,,,,,,,
0xc04a5f196386c9cba7b7f1ddd235a4359dc994ae,394669873,,,,,,,,,,
0x45bd6067b0ab7f7d873ad895ff4c8cdcc66c228b,421333288,,,,,,,,,,
0x3123d5f69d30d3738f637f812ca61768cc17a3e2,412333392,,,,,,,,,,
0x5499d6cd194d507658b0c8b958eaaad2eddf60d4,411982701,,,,,,,,,,
0x3a4e5994c3983b816aa75d612b1e407b76ecca71,412337060,,,,,,,,,,
0x76a0c64475aca0524433efd04e95f993257750b2,379440503,,,,,,,,,,
0xb574c4837dcca85129003b0005359125d6481fb8,415804901,,,,,,,,,,
0x3cfbbb7cd2fb1e40b0d748ca145f9fbdaa44867d,418904938,,,,,,,,,,
0xd9a1f14eef3391f23d28ba25a9cf722e402f40be,419254519,,,,,,,,,,
0x8c1bc754b63ce5f9c552c5aa088ecb6bf712c53a,415855194,,,,,,,,,,
0x503416c0b67ea0dcf6325df0d518d2734c75f184,378553761,,,,,,,,,,
0x4094b76586fb6c7ece615efde948d337c83e16e1,415802375,,,,,,,,,,
0x8858bbc18dde55301234b0d38888dc3b8d4277f3,420982699,,,,,,,,,,
0x69dbcccb2d6b8aab34a888bc0bd7cda02d57bf95,412334033,,,,,,,,,,
0xe6b4af8da7d819d1ebcb146d37bf443042e8a7f9,415802022,,,,,,,,,,
0x2e66bd94e053b745be294533e213368a4739dcae,379591013,,,,,,,,,,
0x60963601c2b933988e62ccfa9699337a41c53c90,418906944,,,,,,,,,,
0xaa30c578f6be8f6b474b2a2b40862e0bd47c0308,421678795,,,,,,,,,,
0x42ff08dc2b474e848ebce6a99cc41865e8ab4ee6,416827839,,,,,,,,,,
0xa46bf19b1d4d084304e7466515c8e9e4f5346a77,413427566,,,,,,,,,,
0x4042f46364f464ec968d1b92715822fc48cd95f0,420985385,,,,,,,,,,
0x987d8db478d57c1a10e64c10c23e01f5b28ebcfa,411291429,,,,,,,,,,
0xae26595db9df22e21e4794bb6bc1567d6a0a78ad,401947444,,,,,,,,,,
0x60c1bffd2611163a10a875f2a8f67f8dd9049b1b,419260075,,,,,,,,,,
0x59aff06d2c76e2d665543ecf3a80f20acba0f40e,395016906,,,,,,,,,,
0xb974e097440aafea59c4b7c87522b663fd4c8940,412330186,,,,,,,,,,
0xbd991f6b8ed368a664f28f76275982d2879ed312,416829500,,,,,,,,,,
0x0faedeb52c05991a47842b3fba1cb2aaba13392e,423058297,,,,,,,,,,
0x2651c54945205bf43ce6f7d9c354ea2ea151ce65,355916869,,,,,,,,,,
0xc6e23383c5dd04cc5c4f4efae738ba16af11a7a0,382357159,,,,,,,,,,
0xe470e1bead3383b276cf7b05a520b1c8bdcc240e,379440944,,,,,,,,,,
0x27a877a2a81267b797f79fd3d648bbcf12c50e18,416827548,,,,,,,,,,
0x947e4b94f566d025664c377fe8dda5a6a18ea631,416826620,,,,,,,,,,
0xc96662afaa7f7e05a46db1d20c803dbd4fd81d11,410944032,,,,,,,,,,
0xea54e4d3d7428548485f2c61e0ffbd051bebcb23,424442018,,,,,,,,,,
0xaf1f693f8d1b2b5f2de782798c0f2b10057734b3,423054927,,,,,,,,,,
0xc375fe10945b7f9148b349916e0dc143d912ec77,421323417,,,,,,,,,,
0x206d8dc9523419e6d87ded724bbeb66ea1513f3d,382357688,,,,,,,,,,
0x486c5fc9e41a4d770913a373d45c1f9e6c285faa,380627792,,,,,,,,,,
0xc3c4a1c9496710219777f754483cf9a2fe2eb51e,353850817,,,,,,,,,,
0x604ce7ae890208700b64134d965509883610d0a1,415803937,,,,,,,,,,
0x11496133b739ac157e1feb18987f89fbe2ece8f6,351609754,,,,,,,,,,
0x93e488bd101410fe55ef331118e82e3dedbac07b,379590405,,,,,,,,,,
0xe6065246c1cdfe932af6a6812b53364d96917992,402342754,,,,,,,,,,
0x8f7380385640f473255cc4bb1ba68d2afbe762ff,422013592,,,,,,,,,,
0xd0cbdd1264051e17bf6c0938a4e683228fb70381,408523673,,,,,,,,,,
0x01046d73aa4c709769c0fa880adfd5bdfb3aba0d,379590099,,,,,,,,,,
0x3044f4918bd91ae4f9f4fca8997b9141b0729a9f,353162518,,,,,,,,,,
0x48cb88c3f2a4a5e18ebe8c0f3ad8225f3ba87118,411644795,,,,,,,,,,
0x47ca155b6488298296d37c3fed32a1d4f88ceb03,395360882,,,,,,,,,,
0x73011d3e550736c312c78160e53a68c3e1b0be92,425468672,,,,,,,,,,
0x7a99695638459c9bf0ccb9fca224ac7a65bc707e,418211934,,,,,,,,,,
0x7dece2b879f792fd73f7f62c8f76b55ca90aaa65,422012945,,,,,,,,,,
0x99da65b9a8226ddde929e9c73af0fa7c3dfdcf56,415834184,,,,,,,,,,
0x2df35140ca8ce31085cdc63d6f640b9f8ab0c70c,379440919,,,,,,,,,,
0x1ddb0cdf9fd42d97d809c5bb1be20fd02a9efc88,416828541,,,,,,,,,,
0xc73b860be29408b3732a38905f5c6759cab91d80,380970412,,,,,,,,,,
0xc29d7eed585a6df7f37ff1d6b200b0a5da2c2571,409579004,,,,,,,,,,
0xc24ddf811a5be1a8b2ec9226b54632da4f99bc38,410945230,,,,,,,,,,
0x7e49b68bc26962084a877b17355d0d5cc9c0f2b5,416824874,,,,,,,,,,
0x321a8b3de41f0e3365b8ff9ea3d8c08b66872163,418900286,,,,,,,,,,
0x421ed1d405ff4a98b1aacb30c26548faf12a35e7,420992135,,,,,,,,,,
0xcbb6afbb7bbd1346c787633291f2ed0c7f57f5f3,412329094,,,,,,,,,,
0xe3cd381b788ec7f2750db644babd994289050050,410943826,,,,,,,,,,
0xe786ddbc5c1c0d7350640e2ea7de363ab96603c4,415802320,,,,,,,,,,
0x5ab1f753a4ec947fe27bda249f84635039cb9fc9,353853645,,,,,,,,,,
0xc2b28b5427eeb305ce3cc8460bea751f832f2fcb,356609097,,,,,,,,,,
0x511492194dad7c040f2ef2f9ddc018090c0f99e6,411296535,,,,,,,,,,
0x84e7e376209634e0c708245e6c4b9b071823b9ca,413383472,,,,,,,,,,
0xc4db0548f5b59bcade35f212f42c79b3433d78af,409584641,,,,,,,,,,
0xe773438eff333f45719c9d40022f9194c2bd31f3,415810152,,,,,,,,,,
0x097bd616401cf21bf0583425c9cdda2d8908486f,379440889,,,,,,,,,,
0xce107b932a8359b3c0a4dfe0b80f51b3bb57efd4,419253363,,,,,,,,,,
0xcec220c4f0c8b7672fd3de58cd3c269810d762aa,411296591,,,,,,,,,,
0x811d8b9e5804aa5e5b357cd50d501ff01ce92750,353851083,,,,,,,,,,
0xea390cab4d650a24b6f921507aba413d4fed0805,408523532,,,,,,,,,,
0x04613c8437b53b848c03314cea7a722ebde87eaa,418577085,,,,,,,,,,
0x4391f7279db328b65d21f580c7b10b13e88a3dbe,418570547,,,,,,,,,,
0xe4eab51d3ff8e375333fe31d9bdc86d86c8095c1,415849605,,,,,,,,,,
0x59067b2352b3595cc15ebf219d867d788a64f675,425479208,,,,,,,,,,
0xf778b8db3fac9eeb20a444261b743318e193ff34,409566395,,,,,,,,,,
0xffd1b32eef35205122ae8caf98a6c9eb37b45589,411645621,,,,,,,,,,
0x322ea6be57e1a9162e1fcfab40be025da96c6768,353162736,,,,,,,,,,
0x55d60b944ffe6c43765f8322582f2cabf2966417,418923192,,,,,,,,,,
0xcbcfe96adb72220a63b5984d2d474598b8da09e8,392590504,,,,,,,,,,
0x941d7bcc7aba1a6906128066e02bfb3f352afbfb,353508636,,,,,,,,,,
0x7b4301d510bc41b0d4a5f8e257e02236756ca2fa,416480560,,,,,,,,,,
0xa6c18e72fe247023c6b310b3e4942b811b044827,418900083,,,,,,,,,,
0xa9fa440521f21b4919d6ae75aa84fb5adff1b1c0,420631937,,,,,,,,,,
0x8da45dd06cd25a681af4a22b77785f39a0636b44,379591036,,,,,,,,,,
0x5aaff73369ea293627d81844bc241c359704ce2c,411639065,,,,,,,,,,
0xecf38e6d558b4682e047bc8603e2a5cc45f39a4a,418918121,,,,,,,,,,
0xdfb9c9325c9ea1ca37d82ed70c9b78f08aa00e00,424091254,,,,,,,,,,
0x811f4a17ac889a64e9dd4b3e53bfb3ad8d3e7a6a,353162080,,,,,,,,,,
0x51e0472d993a8a416fb3c051213365269664e473,353508944,,,,,,,,,,
0x450ca76d5adb1a78b7f1aa791317167701027a1c,415803064,,,,,,,,,,
0xae82e0e52c4cb2d4bad6fe92dc997b22bbf637ed,409578704,,,,,,,,,,
0x2b1e4967fe1e71d3dc4188e92f8adbb627d93ce0,423742749,,,,,,,,,,
0xbe17688a3c137e1dc328a291a9879006d1bf045c,420975100,,,,,,,,,,
0x12ad4ba3dbbfaca3252aece17b7b8c68b09c8f0b,418562724,,,,,,,,,,
0xa8b88d5511293e46c31c1169fc182e0b1c66c6f3,423740182,,,,,,,,,,
0xe8fe0c781f219701ade4cd0a26ec8ce05f10d6fb,402349287,,,,,,,,,,
0x9338c846c0460e691f87a07b135600aa5de97f22,353160628,,,,,,,,,,
0x875583d774c641c6bd9f0f0646f6cea702790e96,379439946,,,,,,,,,,
0x3cfb8c3d8c33fec85db333c36a6e2c9bffd992ac,410961006,,,,,,,,,,
0x3e8899e12a199237c7ebda0ec0c36e5aa1df293c,416198522,,,,,,,,,,
0x3ad77478cd6d8fd10d3b98ea8e0150bc96f9d4fe,411292439,,,,,,,,,,
0xb27a6137fc733dfdd516dc090b96fb179a835399,384088459,,,,,,,,,,
0x67cd47dede616de9adefa61bcbd05199bc57093f,353160563,,,,,,,,,,
0x23baa740a67363d23b7426243112f33221c50a8a,395359160,,,,,,,,,,
0x4d93647a58243b8f8b582b817748de6b7fc155fe,416479166,,,,,,,,,,
0x02c16e40d2381051442b9b176b9577088214f7cf,418573219,,,,,,,,,,
0x4018aad3ee245384d29c6f978891f3e740cf5e31,415840328,,,,,,,,,,
0xaeaf96598f3e98c134bf9949b6c3095865618e57,420974282,,,,,,,,,,
0x83934a04d67871fba79b85dd2965ada73e055dc1,423060600,,,,,,,,,,
0xc42f2c18f304a7400267c91387478eed6ab9fa36,353529023,,,,,,,,,,
0x7bad4d86c0fd6a77800142dd000aa04206742fab,409221560,,,,,,,,,,
0x4312e3f4903d4a621aa35037226b16e443ff485d,415806498,,,,,,,,,,
0x6668ec42a4d0c13472251904ba04a7656cba169d,384779430,,,,,,,,,,
0x5840f8d1fc1a29d0f04d28054824c7a484d97a7a,419248561,,,,,,,,,,
0xc8ea42161912105231f5dbb8904b7b61061f4fd9,411297564,,,,,,,,,,
0xc4e70f996c0d4cde8c4ddac10726077d650cfca6,424089687,,,,,,,,,,
0x282e00fb373b18eea1cf1b1992362a8650d4a6dd,418223401,,,,,,,,,,
0x30246c9bdb52d6966e0554ab9faa03e4f0723fe0,351609627,,,,,,,,,,
0x904ae4ef5c42f30c6ebec379b1d9f635457162cf,382012333,,,,,,,,,,
0x4124ec7e16b6cdd31bdfcb1c5feff5ee054b6255,382013550,,,,,,,,,,
0x2724e229b6fd4be691b928a8da02dd854da65835,391560076,,,,,,,,,,
0x822235467402dc8cd3596e17b13cac36e09387d7,407185247,,,,,,,,,,
0x2b3c92105aee48c54e6b351c868743be5d92e238,415843388,,,,,,,,,,
0x260bdd1030a3355002c7845932c613acecf5e6e4,353509154,,,,,,,,,,
0xb9fce6db7a18ef02992c6bc8fa68009b9d1e8943,423745692,,,,,,,,,,
0xa072d64e8476c8aae0a13eb125d704099b02f9a6,418224482,,,,,,,,,,
0x391b1092914677177ca429f2fe9fb7b30ab04c73,422018028,,,,,,,,,,
0xccf89e353e7bcfba1ed2ef6d853130bfc13b208b,423053946,,,,,,,,,,
0x3fda056b52aa9b2ad4ece96e34299aa27177807f,379440415,,,,,,,,,,
0x26b8d0593c4a86fdc6f2a1cd0a5ea5952569f0ec,415827757,,,,,,,,,,
0xad673ee6bfc4c4031195d28e3e6310ccea176b27,416140795,,,,,,,,,,
0xadcde1f524f1b2fa2fe2d343dc42caad2c44be93,423739578,,,,,,,,,,
0xebedacd1677d2a89ed785e07a8e28236caaa0c94,379589436,,,,,,,,,,
0x1b9725c34bc0edeab7a9e470fd1b03ad15433971,425480126,,,,,,,,,,
0x8b437f4cb9144d129eab0853a9dbfd9b4f439428,420983229,,,,,,,,,,
0x812e1b595630d16c70eda75811000452f8ddc93c,409581164,,,,,,,,,,
0xce936d4bcaa5492a02fe75c2c8bc4458c67af77a,379933676,,,,,,,,,,
0xf910728b70db7d55a2b3ec5a28876c66041719d8,396758206,,,,,,,,,,
0x428b5656a9aa727fec037894c50cbb577ebd1bff,416830774,,,,,,,,,,
0x2d3e364d1ebe7077119d9fde2139109471801762,415851577,,,,,,,,,,
0x259b0ce1fa3f6a530c5e3b1f302602b3597ce871,415836051,,,,,,,,,,
0x715818f9ce7cbb065cd56335a464c8a5dc056c50,416139517,,,,,,,,,,
0xcb3e3fe74fa0cdaf790fc16c750216a910a18080,411982604,,,,,,,,,,
0x26830ed229f44e63eaeaef10d085e8097a244910,399184756,,,,,,,,,,
0xebaae0edd26eb501b4464812f69b7c9710dd7f41,409906060,,,,,,,,,,
0xe9815b0ff0c89c2986cbc6cd156ab5955d0a1860,380627859,,,,,,,,,,
0x968f2d3a906346a7a22622243ca588a78a78e4a3,381908241,,,,,,,,,,
0x15866edc300ba5edd28b4fc6033526b0d6f7bfd6,410950164,,,,,,,,,,
0x25eb558a349de357367f600adb2c46faccfdcc88,415841464,,,,,,,,,,
0x29f96f2bfdd02f71878940b2be7dbf6ed79d6706,409578280,,,,,,,,,,
0x9c88549e250823f2bc7cc4af088ef550013e0d20,416481981,,,,,,,,,,
0x572f7c10860f943b38ef5162e0c4be8d335009cb,353162769,,,,,,,,,,
0xe7506abd94ff40ef7245433dbfd86db3f1a97f0c,397806719,,,,,,,,,,
0xb2fc6a4ea0317ce8e5e2921724e340e6f36ad9b5,415839098,,,,,,,,,,
0x30096afa7e75b2a2c748dbfb253e618176869830,415845311,,,,,,,,,,
0x2df7fac4be29ac6dd143d2ac3fcc91c87f9222ae,423745208,,,,,,,,,,
0x70187d03eda906d80db907d65d4032bd62e7c20d,419260793,,,,,,,,,,
0x84e99209ff51e485304b0732956f1ba17216fd0c,420648265,,,,,,,,,,
0x25f2469d807289ef9cbeae7ddc6a122ff10df762,426856897,,,,,,,,,,
0xc37f64d584130cc3bc434be53adffc402902f1f7,353506329,,,,,,,,,,
0x16b5200a6207738844ee77b7e8d5338ba3d9c105,391898987,,,,,,,,,,
0x817b46fa8896507b827a6c3db80e693a13ddf40a,409579518,,,,,,,,,,
0xa07532295856c6c10aab2d6944b78426b8500338,410945728,,,,,,,,,,
0x3792ab01b04ae0a75f56155f86b1d170842ad22e,421326981,,,,,,,,,,
0xf0732f209931a0aadb4d338b17ed8403fef7c7e4,415835989,,,,,,,,,,
0x1f969639465529c3c201c065bac7324702b65dba,355232224,,,,,,,,,,
0x29a26ec39066e5f3e8eeaa8b3959fdfcb26bc658,420641507,,,,,,,,,,
0xb0ac3b2bc99562523a197c2650869904630a8ca2,415840905,,,,,,,,,,
0x2a1c953a74bfad449f653dba30a01927d24e9e97,415837112,,,,,,,,,,
0x778ca507d17df12ea684756d117a52037c129733,423743409,,,,,,,,,,
0xe5fbdfcf8fd8caacc1bcaeb6bda59a8a6587f0f5,409579607,,,,,,,,,,
0xce8944b060391e281b9edb78045722e132dc49f3,403678669,,,,,,,,,,
0x453b369a4c90174725dd1f7535e207158f05c2be,402292905,,,,,,,,,,
0x29c811435c057ed9d09a477638abf3d86729ebcd,353160861,,,,,,,,,,
0x913c415dc5f5e3fa6c6bd911904c4ca2f60fd475,353161331,,,,,,,,,,
0xb147bc2567a71d90f7d7f8a8743787128c759362,415802236,,,,,,,,,,
0xbace1388b8ad8aee8bfffa02f7b224d42d06f06b,418211668,,,,,,,,,,
0x61fce3be8ab5f27dc511cd4e7f9b8b701b0d0494,413417635,,,,,,,,,,
0xd599ebbe948dba986cb94cc6d92a27673aa686b3,415834979,,,,,,,,,,
0x56f0a3d43f17401de05d618744985349f78e7d20,379591163,,,,,,,,,,
0x4fe76ee03ab45078f762c41c439fa71d9d830fa8,419598658,,,,,,,,,,
0x9ccf9ddd751e36b069c86a7fa12fa75d20ca77a3,409579490,,,,,,,,,,
0x25dadac522037cb62420f3887d90140b175d9e44,353528993,,,,,,,,,,
0xedd600dc2db2f6dc82b2c7dc162d845a1616006e,419594266,,,,,,,,,,
0x1512cc7497aaf0c3dffde279f3f15901e51b688f,415807709,,,,,,,,,,
0x48043f041647d6c8eea1ab3a9cfed493948df59f,426857104,,,,,,,,,,
0x0ae759d20ec1d8459c75210d71b931be6061bbce,412335720,,,,,,,,,,
0xf1c2dcba8d35d6509d78e134856a35646a2e4554,409584587,,,,,,,,,,
0x18bbcc3011153c38297bfdadbb206420160ca3b6,423747129,,,,,,,,,,
0x084200daa83428e809e4744248c899203f0fc888,410946350,,,,,,,,,,
0x6d3eae335f0230acd32688e9dae4ed7de5e4940c,422018683,,,,,,,,,,
0x58787b5b3900c338886aef563871116744f4f882,397806746,,,,,,,,,,
0x61495e3e20240d7b77e65f9d3621919e0f5a5436,415804235,,,,,,,,,,
0x5c61047abec72d5d606ccc082f4d0bf76b171c8c,410945623,,,,,,,,,,
0x8df1f28b354993461787dc05f867cefc42ff624b,397806582,,,,,,,,,,
0x2127c9a49987152d8dc9c6414b26a9414a975ebf,379440302,,,,,,,,,,
0xf1d7bb2fe139928b33b4530d0e88fd9bfd6f4616,416133700,,,,,,,,,,
0x09119253e48ebaa92fbf7e7a95209a3d8ad48e92,411991063,,,,,,,,,,
0x890f312a7227a582abfe35687ede6ca6de0d231f,418908078,,,,,,,,,,
0x3b84eb71dffa73f38ecb76fe57c7fd5bc69ffdbf,415826065,,,,,,,,,,
0xb8b175e71e6e73d41b3b1632732ea2c76aa4aeb5,409565918,,,,,,,,,,
0xb017e15951f6b7ef7bc9334904f1e9127d713b5e,353854340,,,,,,,,,,
0xdf831bb8ae94c547f92c90876710eec1c0a99173,353851287,,,,,,,,,,
0xd6a6a16b659e722da67c19fcbab8724a301594de,416487523,,,,,,,,,,
0xdbd2a84a681d2fc47edcf2883c0957a9a3bc89f2,409585323,,,,,,,,,,
0xda633ef64027189e6a5e844f35bdd1371594943d,415806798,,,,,,,,,,
0x39972106ef9d6b93c439ac720dff1d39dffad6a3,415802578,,,,,,,,,,
0xfdf4a71b92ea1daa43512a0ebfafb61d982a74f7,405058889,,,,,,,,,,
0xa21f8f30dc9007437586ba80cb298f6fbab0c1a3,410944706,,,,,,,,,,
0x25a1cb3feea8da1a43e5d57b11eae0637ea8fc60,353160250,,,,,,,,,,
0x781729068a6cc8d55bf49479601a4a167e54fabf,409579114,,,,,,,,,,
0x1ed1ba6c5b45c788058d2af51f7514e6e156c43f,421326027,,,,,,,,,,
0xc34077293bf730dc9576c1c8c2db618a01964998,387401284,,,,,,,,,,
0xaa14fe456104712a4602daa4dc13b4515fcb1e56,416139071,,,,,,,,,,
0xd0cbe56c53da492504fc8081d5f57975dcf90f4d,410950263,,,,,,,,,,
0x8b258c778a19fd3d5f2e15f650a58f7fdc373b23,415822893,,,,,,,,,,
0xca724ceebc1e992dc16314360cb2291fb81f1244,418920116,,,,,,,,,,
0x8ec9f0a752c8bbec1bba6fd2cd412759844402cd,425827012,,,,,,,,,,
0xa59f95cbeb5250ef424e9b34bb2338306bde2218,353851195,,,,,,,,,,
0x01170d700d0dfa49cdd582171174f00167a2c799,423746200,,,,,,,,,,
0x38ac87a73b1c63e23d1cf8d299a20e06913785b9,411637953,,,,,,,,,,
0xcc85d71e68972b69c3e162b97df94f0f529eb0ad,423742234,,,,,,,,,,
0x5babab0b854ec3ffab9f8760f5a6e4dc44a49d2d,390521904,,,,,,,,,,
0x9cdafc648ff3502d55727071bb9175ed2ae4ed3c,425820419,,,,,,,,,,
0x0568a260d3ed31c78942269cb80a689aa31e07dd,406793180,,,,,,,,,,
0x06f5bd42459f2d1728a7b2479465505da88eb8ce,404712493,,,,,,,,,,
0x7680842307096dd1dd707a366d48d80d65ca88cd,409909039,,,,,,,,,,
0xb822b58e129828beecf64171a0835018e4d25ffd,413712342,,,,,,,,,,
0x9429ebb48ae9820af434289af86cfd6db33b11b6,409579033,,,,,,,,,,
0x25d3a662808583e115dc17734e7fcc917a67deaf,353506063,,,,,,,,,,
0x442c22aa779951d138b25ac1980c77ccee03ee92,382354298,,,,,,,,,,
0x3002452e776983733f7497eb6bcb2cdfd74e4fbd,413712401,,,,,,,,,,
0x1eba2f5457420870cc775c2ea256c9ae0e396aec,420649509,,,,,,,,,,
0x2eb548b60283d2ed57db82361327bf30c96879cb,421675714,,,,,,,,,,
0xbb50c1d166e30e988e4d9014109662a4dd9c59ae,400225365,,,,,,,,,,
0xbbd26812d977fee354b6cb200ab607e0b0ff2ae3,394668093,,,,,,,,,,
0x034f5b2b91c5b7c1258c04acf36582d1a13f5819,353161527,,,,,,,,,,
0x8ca7930ca57215309756038119faeea17736f0ef,382354351,,,,,,,,,,
0x6a6e1b725f3c52b027fa3c3803b2f3af56f52437,409579816,,,,,,,,,,
0x20e4b22770c3c4bbcefcf484c94f2b4787173251,404023598,,,,,,,,,,
0x5748c1d0a79827e8652ba66fdf7d3b5dd071364a,418572495,,,,,,,,,,
0x2f5538e913e84095046f29ccab2780bb56b90324,415824584,,,,,,,,,,
0x6654918256f036481aa4d6030d73b31594f0e2ce,397806663,,,,,,,,,,
0x8d2cc061da79f6826ef06f03df64f3de222f06a4,415825523,,,,,,,,,,
0x3408b38e4ebcd8e5218255687576c7a71419b1b0,407481576,,,,,,,,,,
0xa28194551bd555f964fc9b86a950bcbb9f2bc1b0,420631365,,,,,,,,,,
0xdc832fe11e9f6b80dc6dd7960cdf08d4caaadb3a,415854590,,,,,,,,,,
0xe61065749d2feda0698d3e947d64cdab19afac91,353160465,,,,,,,,,,
0x63695745bc31efe7791e5256a61dc1b61932ec92,354196773,,,,,,,,,,
0xea76e9648a70cdbc408c552431779e4e50a73cee,413417608,,,,,,,,,,
0xee9a6a7fe2efb4f514e0e9242c62d638333e12a4,418901154,,,,,,,,,,
0xb7ebbd8515cb6bebf97c78b47866fb1c6274cc03,401254462,,,,,,,,,,
0x912810348a85e50bff7c807b798ea344f8727236,380277617,,,,,,,,,,
0x5256be32a917c051021aeed4c80a92d35e4d6fd8,415802718,,,,,,,,,,
0xc471df434155948042cf3f3aaca6ba9031fab327,415836955,,,,,,,,,,
0xd398f1e0666611c1a629f1762239f7d62eacb4af,353161165,,,,,,,,,,
0x6ae699845e2ab6bc930e8ec9cdbadd8150772d6e,344632468,,,,,,,,,,
0xe5d21642a40da3ae484677bc9ca036ce254e8094,410952676,,,,,,,,,,
0xc84d54a8c745913e7e37c5f8075a3b418a10189a,423742925,,,,,,,,,,
0x0a06d51952911ef2f9bf9c263ffdd89ecfeae5ee,418918613,,,,,,,,,,
0xd11effb2cac61dfcc7a5d3631579e265800285c0,415807229,,,,,,,,,,
0xe904157f1a45be583354b1b6f0ed16ae47cee556,416487615,,,,,,,,,,
0x5a8bfcd1b1c5c6320232ec13021d7ada774a1668,419594215,,,,,,,,,,
0x9de884722a3ca675a006a1c4dc4f93fa23a1c434,353507538,,,,,,,,,,
0x5383bc4bfea4bbe2f58f06a3a3b0b8af0daff2ca,421680258,,,,,,,,,,
0xdab714cdb261cf4cca2c956c9013fb1b91d2e6d3,399530494,,,,,,,,,,
0xefa9deb68617766b9bb671ccbf90173ca3bdd207,392590360,,,,,,,,,,
0x83fac0476b99b5ed19892af0ff1ca492bd0d9ab7,420646305,,,,,,,,,,
0x5207c9cb7c236399909f27bbf01d9af0466a6a4c,411293847,,,,,,,,,,
0xae39f4c4b62c8f910319dd66e10bc382ba8c20ff,419604954,,,,,,,,,,
0x42f988cd99b714438a4feb8011e67409b4bdf658,416497041,,,,,,,,,,
0x5ae08cff36a46d09121c5c689865c18f21cd5fb4,421335580,,,,,,,,,,
0x68a0b6bcff6f52d0d41afd4499f425c3afae8969,353853134,,,,,,,,,,
0x43978f65270dd31d4c5c099709e8267509273038,379932873,,,,,,,,,,
0x18333d5f295240e2c4645ac0f45aff7f60b94357,379936021,,,,,,,,,,
0x7e799aa354dd35a0d475b1ade7e066d7a030b154,426515331,,,,,,,,,,
0x243ea3f7f4abc2774a647f5d910f19c0cbf9b2ec,409578728,,,,,,,,,,
0x74b4b639375bd5eefd6799c00d334df5037b722f,385815519,,,,,,,,,,
0x042a43e53e47918e72bcc2ed5fadbafa96370c38,419254379,,,,,,,,,,
0xe9eb09891e34996ffdb776a9b3bc50c753fb0358,420649455,,,,,,,,,,
0x4db7fd0d10a617a45707a514a231e79e4bcb12a1,353505752,,,,,,,,,,
0x8cecab3a0f0346210f8870f187a94b578bc47df8,420992396,,,,,,,,,,
0x7bdd5f87dbc0a5412d9173e873527a11ddc997a2,419249036,,,,,,,,,,
0x9afed9280cb4217e179558ca486e7e79361b029e,409910555,,,,,,,,,,
0x5810872d598dcc5eac62e7789a2f40879b440326,398834061,,,,,,,,,,
0xe656cbcda1f71ead89798bbfacdc92994dde04dc,419262918,,,,,,,,,,
0xd228ae43e15682423ff4fa8b75b0811f79318f97,423745406,,,,,,,,,,
0xb3694d723d82719c52e9347a24adbed00b013ec2,394670348,,,,,,,,,,
0xc40fe376044a9581c41391f5d0c4fb701dbb1359,418576862,,,,,,,,,,
0xda0987e5af105a910ca43caabe8014d209a6350b,355351672,,,,,,,,,,
0xc4c8ef71a408a747f76fe23e56027293e5285d07,418573822,,,,,,,,,,
0x274ab7a6fbca52b5087e5e2a15c120631692f2f1,418574619,,,,,,,,,,
0x8bf8a2aa715c7d3be214be0cbcc7dc484082260c,353850913,,,,,,,,,,
0x8577cf1ba12e95fe34c51fd8515adc974895a7a6,407482043,,,,,,,,,,
0xe7ab123333af925a03c8aadadd100c807f793cdf,402645430,,,,,,,,,,
0xfe056f29ebf97e565dea244aa483fa67688b6d45,415809762,,,,,,,,,,
0x7aa56ae2df0c8834d21267f531a8737743cb9fdf,423057855,,,,,,,,,,
0xb5d83396eff47d56e401a59775e47ef8ca584f36,399181033,,,,,,,,,,
0xac7d13b8c27ce5f8504fa5816b8e84494747d222,379932705,,,,,,,,,,
0xa130e7863963f3f2058cc7f25701be2bfab31337,409581656,,,,,,,,,,
0xfd8c76df3935d9336e2e1c0415fd78be389aef65,420975562,,,,,,,,,,
0xd0f38449d88d48007ccd6fcb96cb6ed66c953bc6,409908427,,,,,,,,,,
0x31736099c0a0f6455938645b85c41d5ea2393172,426162094,,,,,,,,,,
0xe484f225d521f3da96e2bdb4f7ada6006d0bbef0,420629984,,,,,,,,,,
0x60fc7f30d7f952366638d1096ed5bba2b47ea146,353161597,,,,,,,,,,
0xdf120e6c84c134b53a313c9c09f2003309273e2f,418571486,,,,,,,,,,
0x2e3050532eee674296b7ce921c56536a9db35d99,413417534,,,,,,,,,,
0x98cd1d2df7e3e1b4975c30d8e1e00689b64add52,402640959,,,,,,,,,,
0x5a422e819ecaa8b24e985c23121be7676b9f423f,416482457,,,,,,,,,,
0xd3386d380ede2348d70aa45647db93748f62f8be,418557771,,,,,,,,,,
0x8f26a3c00fe9a0d06bca3ab555f4605a7301a456,423053049,,,,,,,,,,
0xec538b571193d4b1a39da1a69fa41582790abea6,415819999,,,,,,,,,,
0x0353d5702935f1f5066290f12674ce6df790d5a3,374608357,,,,,,,,,,
0x62fa7ad43297aeb62569665c5f7f695ea3d1b4bc,382354446,,,,,,,,,,
0xf6454553bdc58a47108adb891d82270d03639a57,409906906,,,,,,,,,,
0xe4bb9bf0989cd1f71ffe8a26b967876e1821f3b9,409579062,,,,,,,,,,
0xf1b37aeea72f0d6521a465ed2871bd53e62dfac4,408526021,,,,,,,,,,
0x8442f0c408269d5c07977b41f810f69253c0aae6,427899785,,,,,,,,,,
0x45ed9cb9ba73c075c3483fe777c9a73aaf0e1a81,400262093,,,,,,,,,,
0x4c1f6976ae2c22de49c607a814ac5b5bce113272,415806283,,,,,,,,,,
0xb758f0629d8d81be64364b6bcabb7dbd0b1d2370,384432332,,,,,,,,,,
0x1298e39135489705a5d5f26969228d6fd6fa1611,415837059,,,,,,,,,,
0xb732b8e0cbb0fb78285bd9089ba08264efe1c862,409224749,,,,,,,,,,
0x21bcd5a3b0bfe2782241b473dfa91463aa70a8be,379440563,,,,,,,,,,
0xc1dc5a9bb7a446b842e4a1024a53226e72cd0c6c,410949979,,,,,,,,,,
0x7af1f6146d9f47bf9c8385315edec5832a1d0630,415840216,,,,,,,,,,
0x0ff0c4d3842446c361abcfe1ff40033901654f0b,416479217,,,,,,,,,,
0x07165aa6e668a0d66bba54f56313c5ea7c12ef3a,406096460,,,,,,,,,,
0xa2bed09ea7b325d7d222b1b7d6fb537c8922b46b,418913201,,,,,,,,,,
0x3af488d939c3cacd030e9fca9c4763cabe186803,419256046,,,,,,,,,,
0x169106744a846f03ef8da848d53b66c09634d6a1,419595570,,,,,,,,,,
0xc8d1c5f149ff8c9069abc28d2ee4ff51d6b68542,413712289,,,,,,,,,,
0x66c2c561837e463f3733f2cf2a762fed43c8a4a2,415807119,,,,,,,,,,
0x9e01dbb091579c17d8e28e477b3f928a59c511ed,379589253,,,,,,,,,,
0xcfedb5e71a8d35d8f1d309c27a858388b43489f4,397798688,,,,,,,,,,
0x6431450b3de5f27151aa5027e30c8c68857e4d15,391898800,,,,,,,,,,
0x2b6e84153b69092c76f0e3737c09483f3dc96948,412335413,,,,,,,,,,
0xf79bfea01b322063ab5de359208f666e1c8b195f,411290056,,,,,,,,,,
0xba25a0418be2792cdaccce38aa9f855e5d7e992b,418921044,,,,,,,,,,
0x241d6f612ef5209c92a446e5ce05f680c4077c2b,339773155,,,,,,,,,,
0x9220425f015836934a354c92bccca74cb0f09ce0,417171090,,,,,,,,,,
0x58af7ffad338e8f1b505011300d47f50279996fc,409579463,,,,,,,,,,
0x4e6a6209e0f83e8eb138a1412fd013a9c3dc6b52,355230415,,,,,,,,,,
0x7d1b5c32fda05ea4f0cb95373c6b1253d737b1f6,379589210,,,,,,,,,,
0x3c2d0c4da15b96cc442bd94caff5c7fa4c104c46,395358980,,,,,,,,,,
0x11a9d9abd446253e2c304ccb1f65c267a7da3c89,422012600,,,,,,,,,,
0xfe056424b97d461302b9127dd701c919c019b13e,353160793,,,,,,,,,,
0xf62ea675fe7f1051215ffc01b3c8927d7c4b5725,355573154,,,,,,,,,,
0xcd06f25d4ae7eab20772baef9d32102d01e030e1,409579381,,,,,,,,,,
0x772c078c08e975e61b6237e52b7bcc3aaabba08f,418905295,,,,,,,,,,
0x4484d610ad49c5521fb86cc5e154d9fd9a39759b,409217000,,,,,,,,,,
0x1347f6e1dce2d821e0eb9e5026b9aa18c72f408a,421682213,,,,,,,,,,
0x3ae3c450ead8f01ca947d564e55c8730aa352fa3,413371147,,,,,,,,,,
0x270026a4ac8e8bf0aa6d28460636638662c78cfc,419592352,,,,,,,,,,
0x9a743ee9a1cef7088bca956d1f1d45e69d890d65,391899112,,,,,,,,,,
0x98fddc175b04cb7907511f15bbf2b7f32a41a5be,415809134,,,,,,,,,,
0xa5f209916fff8d23325305f8738e80f80f057bb9,416134528,,,,,,,,,,
0x9520c3b749b1d945d11791b38b2fb3502d901f24,385127844,,,,,,,,,,
0x7597ad352062025c3c347c9131e3fb573d840861,421675263,,,,,,,,,,
0x1aea4fd88c8990d9f0ab993df1a93d25dbc2afaf,353506393,,,,,,,,,,
0x268a4c80f96b40c7948e01305b21079dba47ebd0,415838763,,,,,,,,,,
0x9f71ef54bcc1bbbb88cca84b2bbb768e049cbd9e,400262058,,,,,,,,,,
0x53f60e9f390f43ab01d145481bdde1112cc11367,389647506,,,,,,,,,,
0x838c707288318042de3bdf32c9bafa23dec0b380,410950782,,,,,,,,,,
0xcf82f5770a4669c856bdae5f4972dbfb9c1f6b62,379440358,,,,,,,,,,
0x6ff6cc4fe125e0de426c48100104debe1b511398,396763126,,,,,,,,,,
0x57004f2909c6362a9fe27e7d37d3d8dd40b0316d,418570578,,,,,,,,,,
0xbe52ad52d000f2702d50f3726dddbe7926ad47b5,379440025,,,,,,,,,,
0x5fbebd993c1e49394b815db59c75a27410018557,398839287,,,,,,,,,,
0x2932ef90a85c8bbfc978634b4b36211279d93b77,401601533,,,,,,,,,,
0xfeb8239a20d14b7fb3c99bef1e47d9b2da0a6854,416135803,,,,,,,,,,
0x9106c1498df9feac8e04a26fbc0897857c4abb44,411982485,,,,,,,,,,
0x9e2af622070acb354db756903d1c11ec080773d5,391560689,,,,,,,,,,
0x95a1335e5acb6b0da544cf58c04c2d57cf028d80,353160961,,,,,,,,,,
0x6c89a6080bca74d3953719342c7b7e002e48f587,397110718,,,,,,,,,,
0xfaa11c6350785df774e1f6e9ea746588fb2e5905,397806531,,,,,,,,,,
0x5534a7b2bcc580fc855fdc390d76ffe602994818,409578474,,,,,,,,,,
0x4423e4788421a13a3a86b87180a0e6d1855087fb,409579086,,,,,,,,,,
0x9eb42b5e9e28174bda34cf7d8bbfcc9e3a3520c0,416830920,,,,,,,,,,
0x527a392c61bb013c98b09e8ae5d911c4bfd674b5,418554893,,,,,,,,,,
0xc90d40e0ec7296cb492bfe76fd6dd4107cfd1fde,419254056,,,,,,,,,,
0x41500d34e9710c840eeb5e0519ffc4205c6ee480,353851801,,,,,,,,,,
0x38aeec7acb0cd09223944b4a592002792b9e2aeb,416831278,,,,,,,,,,
0x441b09eb697e46a72075060697e24610e00911d2,353508704,,,,,,,,,,
0xb34a49bf0e889eece23b995ad0e51a82b4faaa4b,412332184,,,,,,,,,,
0xcb7e5b2eb099ebf758bfa39ab7cc110da0a1442d,415847030,,,,,,,,,,
0x7c162b0cbdb40bf04415aa5d4705976ea5b29562,415849630,,,,,,,,,,
0x47be84e19b763394de8a69a91dcf5c956eb18236,409908191,,,,,,,,,,
0x2c0aa0c9df64dcb3f389b5b9f18bd538c79a83fd,409568438,,,,,,,,,,
0xcb29e89fe6b40219b85f99081029483af64a30ce,425821336,,,,,,,,,,
0xbe97495d8eaa229e8059a0885184599d4c19da22,411636023,,,,,,,,,,
0x49a288184a7c5074ebb94d5a78f227503404a5e0,380971281,,,,,,,,,,
0x93385778e44eecd345798a30715bc40cd92db896,391559282,,,,,,,,,,
0xd471e695c5558beaf90b4844bb7e9ba9bffc981e,382010704,,,,,,,,,,
0xf66c47b040b8f9545a0be04059e3673b2405328d,420976988,,,,,,,,,,
0x61f413775c95e0e14a5684e60901ec62dda6d31d,416134469,,,,,,,,,,
0x3bd3d2a209f1c058f77ff66ad6cec852b4f84b39,383050253,,,,,,,,,,
0xd33dc6bbc67dbb62e695f0d52ec2edff2946fc8b,392247419,,,,,,,,,,
0x8b9ea9e7cd36820393a40753f8a872cc20d06aaa,415804624,,,,,,,,,,
0x0788d94e9f5e9ed150f37df5f061f905b25d26cb,399875817,,,,,,,,,,
0x51fb4dddb816a84a936eedb2256fab441f71cefd,389156706,,,,,,,,,,
0x596582117058483a78ea52ea888664bcd285bda1,392250768,,,,,,,,,,
0x6a5ab5480dc906d6bc4bde0a4c01395e368c153a,411984011,,,,,,,,,,
0x9626aef6ba8ac33a01d204020e34023171fda188,382013197,,,,,,,,,,
0x0224a7cdf8d6f64b46df61d13ed83353e7f97414,423060551,,,,,,,,,,
0x245971e0d7d80bc9e58de6bfe3f0b1a53b81834a,416136144,,,,,,,,,,
0x08133ba75696a0dbafb782769fd26a08e2eb0536,406444476,,,,,,,,,,
0xf72d5e46ae1912737ad229f57940dbd0e36c27a6,416829758,,,,,,,,,,
0x5617395f1399ec165bf77baab6d4d5f8356d7032,413376660,,,,,,,,,,
0xfc98a29b5fd864c1a421f78cb89015c46c3334f6,380972116,,,,,,,,,,
0xed3006b19fc874d24e18d4de3a01d469542a9c5d,418227262,,,,,,,,,,
0x34ed8183640c4968f83c9ead7710382446835789,415858271,,,,,,,,,,
0x4e2d94316e416ba655fb58841fe1ebd8c56785a0,418920746,,,,,,,,,,
0x9a57ffd6fb91bce9033f21d6b736cca8b82ea071,353506467,,,,,,,,,,
0x56a022ba00e93121086f93262fc007baa6b1edd5,394325788,,,,,,,,,,
0x3df164e85387cac78de1baeb04b004c378a00fe1,353506671,,,,,,,,,,
0x9d8cb97f2fc5177d4f6203d2f447166b8ee12a09,415810844,,,,,,,,,,
0x804143691eb6a12ddfac4d1fbb4a300e09053134,415844313,,,,,,,,,,
0xd81276e077343e0bed1d6a4a11e2726199b8b59f,397806476,,,,,,,,,,
0x576b8b4765e43812199aa6b6042c71cd3e69d1ab,353853773,,,,,,,,,,
0x5174a0b8894ae6eebb48c161c1150bbeb13aa13f,411639192,,,,,,,,,,
0xfa9e5e580ea923d573255df94dd5de767752340f,419251606,,,,,,,,,,
0x4002b37f663519eaa7d6e422e2acb66d47a098f6,379588855,,,,,,,,,,
0xc029e4712281dc83955ee557d0c038a3b18eb8e7,418565712,,,,,,,,,,
0xf34a132d346a4de6cd3738de2cd268c64259448c,396415258,,,,,,,,,,
0x080b49d75449710c95e1f34c9a64cb2e867d1c00,379440330,,,,,,,,,,
0xb219e63b71e66e1281042b944b4059b1bad8a959,405089822,,,,,,,,,,
0x44f9bce486090d3f3e26768e3ece4c864616526f,351782093,,,,,,,,,,
0x9db559b4291cea82c5b6aa7c7c6d09a6e8fa818e,353850845,,,,,,,,,,
0x8ece2ff10dfb235e199c10bf84c368e0e2e18fc3,388126880,,,,,,,,,,
0xefe7dba0e521640e2a0849c57e56c967a8d7336f,383396165,,,,,,,,,,
0xf7f42bced4396dcbc86425e9f223cca6cd08873b,418913009,,,,,,,,,,
0x56ae7846e90c0b252e1580810aaaf17eeadae27e,355573345,,,,,,,,,,
0xbe5a5a06aa8b97b8f048e7129264b94831431bb0,410951551,,,,,,,,,,
0xe9163424ddf8effbfd81e0f3ad11732ad7585bb3,384433246,,,,,,,,,,
0xa31e0174af73b9daf64293c8f8a24dfd506cd6be,413373589,,,,,,,,,,
0xd5dacd1387186f679094cdf6fcb0b15dae489a36,426853249,,,,,,,,,,
0x8617952391e5c027803d6b69c67f55c3113f12dd,353162805,,,,,,,,,,
0x347447cd1f2b7ee103ee38e52e1f56ee055bc157,380970731,,,,,,,,,,
0xdeab0188dc05af48e794ddc67bb395ab7de0234e,415802115,,,,,,,,,,
0x1580a4c1a1d7922bb4684f01bf5ed15b7dcaed9f,356262753,,,,,,,,,,
0xca15415deafadcbfdbbfbae266a2b6e77ac6a83c,411290146,,,,,,,,,,
0xecf82133b38e63dc5557c58755acd93e61499677,399185495,,,,,,,,,,
0x5d69057b4c04f402fba65ea685e971f1619cdd68,401947419,,,,,,,,,,
0xc92278cccdcfe98321d36d06e41a455157c6a8e4,420984272,,,,,,,,,,
0x19054c3d3442b2dccb7f50b759ba082127e4cf16,423057658,,,,,,,,,,
0x31ba41519026720158825c84b871ada765af2610,388164242,,,,,,,,,,
0x38a769b46bf9882bfbbb52ca4769acf25d2382ab,399527150,,,,,,,,,,
0xb052f896d1bd8bd9b7bc4e0b7b6187ddcee9f019,418907827,,,,,,,,,,
0x6948668bd487f6ada6ae4b67f7627d8364a39ce0,353505965,,,,,,,,,,
0x24ca98cc46a9bf6f727e54b00efb26ed8f0a2065,353506028,,,,,,,,,,
0xdddaba31f9301315ee6d122b9907e2a5a69c4d84,353508668,,,,,,,,,,
0x539ee7312a1d1133466ec85a1e11c587588b678e,415803413,,,,,,,,,,
0x96310cba9849c8a5efb30a0efe4cf9b9ab44b9e2,379935760,,,,,,,,,,
0x00499400f5ef31cd09d34cc7d13a3ec830fd72c2,396412055,,,,,,,,,,
0x4b8870dee18a629c54f230bbcde6d0a8de461e8b,413371936,,,,,,,,,,
0x4fde27c57ebbcbe2b3cfbaeeadb0666e6b2ff2c4,409584936,,,,,,,,,,
0x66b716857c99c85346613bd8620ec3559cd9b9fd,353161295,,,,,,,,,,
0x1292593d0b507ced88f874448550290a404159d9,353852097,,,,,,,,,,
0x71fc6b73f4111b70ac90ed6e4f503b14b97f89e0,415810761,,,,,,,,,,
0xe80c28a762f66bafe3cba5bd0e403d3769464391,394324123,,,,,,,,,,
0x855cc942d5018c5f424ab60ba794860ae51b50a9,387200471,,,,,,,,,,
0xe5bd1272a0e44d905f4f4ed459efc23b01d2a8c5,416486346,,,,,,,,,,
0xb398778ec2ca437d72a00b04b37f8c21eefa037a,411294496,,,,,,,,,,
0xe1e93e855d425661611adcdcfde4f110ed27614e,419257907,,,,,,,,,,
0x87a91a5cd1c3384e69a5c339427a70e0eff6ff6b,418217836,,,,,,,,,,
0x53024d96f61040b6926af1a36e965c8f09a35829,422012707,,,,,,,,,,
0xf057e89cb06572ca6a1e8ac5af7f0fc8e24a54cf,407485548,,,,,,,,,,
0xb03385119d3f12ccef924c80fbb63e6b86f69f1d,426164931,,,,,,,,,,
0xc8f5fbc7d50a780a58135eea9981b690dc18e613,415823628,,,,,,,,,,
0x43d5cd66aff7ddf3e734ef790e924b7dd59bc4b4,353505399,,,,,,,,,,
0xdbf2f68fad5ae4cce333eeb4fbc2a4fde14c39da,425474960,,,,,,,,,,
0xefb6557839e09f2c5d5e81ac9c0f6329c885cb2a,424092548,,,,,,,,,,
0xedc4ab4996f44592ad23df732c1779358a8d93f2,353509190,,,,,,,,,,
0xe98c20457ec78f15c2134a1dafd0ab8bade6e4c7,379588806,,,,,,,,,,
0xa59029e7eb06a33abd8ce178810f0467c0179547,391561185,,,,,,,,,,
0xc835c132405a5b28bfaee8ccf21fb9230d23f739,400262142,,,,,,,,,,
0xcf7eadd5f39ed001fc48f25120a0871badac887d,408523616,,,,,,,,,,
0x344bc5c3aaced75df01bea9d62f41a9e11ef16ff,413417579,,,,,,,,,,
0x4eaafd21af987b4f5e1a4bcf7927e2515946e43b,415802689,,,,,,,,,,
0x02ef79ab704ad3d0f9b9a7ec0433694216ab0a6f,426506145,,,,,,,,,,
0xd798fb9fcc5208fb935e974cd3f673b95c9ee69e,351609723,,,,,,,,,,
0x337260cce0373193418c439808ea878c86b9d591,383395601,,,,,,,,,,
0xc9c6a4b594c6afbda87f6416c6f4a3c461d4a3ec,388243306,,,,,,,,,,
0x717d87dfeadf1bd0eb0dac7e9c6c3162183588c3,397806449,,,,,,,,,,
0x7046593a151e7e595a37bd4b5774bac7d2f18317,415854753,,,,,,,,,,
0xad18b8d344ca1a38b008a7a2079374b031e99cdc,355575001,,,,,,,,,,
0xa103a9342d86f4e18aeb30285b06b42a0ecd56cf,406790525,,,,,,,,,,
0xf6ad3521e8a13b78ca81dbc55642f0f628cd9231,425827552,,,,,,,,,,
0x536e0531e226c6cb3a97e177583c685988c60387,418213841,,,,,,,,,,
0x7825dd8f199091037ceb8d1fdf5edd8315bce831,420638406,,,,,,,,,,
0xcc34e146a6c4d7b503a80818debfc016c9128e98,420982001,,,,,,,,,,
0x9838f4cb186abc7f35c12e38414b24b9bc058c1a,353161888,,,,,,,,,,
0xfad94d2ac1e163d5188117971de9043ed5e86c02,391900336,,,,,,,,,,
0x6689bf71fa1522999d4b1c42086027cd5fbbb808,419264185,,,,,,,,,,
0xe88e0ff23a8fbd9d6cd9f114e1568b02d70d30d7,385130531,,,,,,,,,,
0xba9365513bfa3977fdf20250611e1f99dd90e312,415848461,,,,,,,,,,
0xc407248fe5aa01bcfd0afde35791ec66940e1dd2,392249385,,,,,,,,,,
0x46136522a935fa606b7a9b381c97979cfe7939e5,410953158,,,,,,,,,,
0xcabc51c4300e7215615f7f128725f80dfdbfec6e,397104749,,,,,,,,,,
0x7bd5bf70874199f5d578672b4377a50de3be960d,425822292,,,,,,,,,,
0xe5af9038f6aa63de88633e158a23ea8cd93a3783,351781991,,,,,,,,,,
0x72808083bbc9bd89affc9574bd8940505ee27eed,353507609,,,,,,,,,,
0x211ca49e98905c8d5e40a63e4098bca36b538a9d,409578339,,,,,,,,,,
0xc69bf1e41b2a346ea6034cec939e51a9c4ce2703,379591209,,,,,,,,,,
0xa2fd5a6d812c2abe9a5101459a48873d8cc98f56,423395384,,,,,,,,,,
0xa6064a8d0e4eb09f5c620d213863d563ce8e81eb,404365413,,,,,,,,,,
0xb3e3da1e8f670f77ff665aba72eeb8781ad04c72,418219887,,,,,,,,,,
0x8c97349fc79ac153a158308921baeb701c99f4d1,418231339,,,,,,,,,,
0x937e93dd1ce2fbc969f2af670d175a971737ec8c,423048691,,,,,,,,,,
0xcbc051080ae3a8abcbbc621fd97654ae1bee0286,379440443,,,,,,,,,,
0xeccd8e7bf85e81379fe4336b7efe4de3a3df8d03,353507199,,,,,,,,,,
0xd324fcb61de1e668444cb97e355478c8e2c6a93e,380525552,,,,,,,,,,
0x3515f24422f205e08725e0650fe01be49fbf7db5,420990465,,,,,,,,,,339
0x462963cdbadf214ae77d4c5248e5134f84aafa9e,415850649,,,,,,,,,,
0x1141b205e7f89ef2d322476e17dd14b0286ae263,353161727,,,,,,,,,,
0x09e63dc0c1573e1645af730baa8219e0f2ee2f44,379440808,,,,,,,,,,
0x78b511d9aecf42d8ae503cade4bfa1468283b363,415814628,,,,,,,,,,
0x8fe06e7922177816e15c39d5810b6c1a60bcccb7,399872090,,,,,,,,,,
0x51c226c098ad8d03537ed20ce2bd136e074478f2,401946024,,,,,,,,,,